Cell,Lon,Lat,ANT_DIRECTION,ANT_BEAM_WIDTH,UARFCN,SC,RNC-ID,C-ID,LAC
U09441_LVI_CHR_BKV_050_U,25.95258,48.28625,50.00,65.00,10712,352,,09441,57941
U09442_LVI_CHR_BKV_175_U,25.95258,48.28625,175.00,65.00,10712,353,,09442,57941
U09443_LVI_CHR_BKV_285_U,25.95258,48.28625,285.00,65.00,10712,354,,09443,57941
U09444_LVI_CHR_BKV_050_U,25.95258,48.28625,50.00,65.00,10737,352,,09444,57941
U09445_LVI_CHR_BKV_175_U,25.95258,48.28625,175.00,65.00,10737,353,,09445,57941
U09446_LVI_CHR_BKV_285_U,25.95258,48.28625,285.00,65.00,10737,354,,09446,57941
U09447_LVI_CHR_BKV_050_U,25.95258,48.28625,50.00,65.00,10762,352,,09447,57941
U09448_LVI_CHR_BKV_175_U,25.95258,48.28625,175.00,65.00,10762,353,,09448,57941
U09449_LVI_CHR_BKV_285_U,25.95258,48.28625,285.00,65.00,10762,354,,09449,57941
U09451_LVI_CHR_FRZ_010_U,25.93319,48.27889,10.00,63.00,10712,64,,09451,57931
U09452_LVI_CHR_FRZ_145_U,25.93319,48.27889,145.00,63.00,10712,65,,09452,57931
U09453_LVI_CHR_FRZ_260_U,25.93319,48.27889,260.00,63.00,10712,66,,09453,57931
U09454_LVI_CHR_FRZ_010_U,25.93319,48.27889,10.00,63.00,10737,64,,09454,57931
U09455_LVI_CHR_FRZ_145_U,25.93319,48.27889,145.00,63.00,10737,65,,09455,57931
U09456_LVI_CHR_FRZ_260_U,25.93319,48.27889,260.00,63.00,10737,66,,09456,57931
U09457_LVI_CHR_FRZ_010_U,25.93319,48.27889,10.00,63.00,10762,64,,09457,57931
U09458_LVI_CHR_FRZ_145_U,25.93319,48.27889,145.00,63.00,10762,65,,09458,57931
U09459_LVI_CHR_FRZ_260_U,25.93319,48.27889,260.00,63.00,10762,66,,09459,57931
U09461_LVI_CHR_NLP_060_U,25.96475,48.35300,60.00,65.00,10712,50,,09461,57932
U09462_LVI_CHR_NLP_150_U,25.96475,48.35300,150.00,65.00,10712,51,,09462,57932
U09463_LVI_CHR_NLP_240_U,25.96475,48.35300,240.00,65.00,10712,52,,09463,57932
U09464_LVI_CHR_NLP_060_U,25.96475,48.35300,60.00,65.00,10737,50,,09464,57932
U09465_LVI_CHR_NLP_150_U,25.96475,48.35300,150.00,65.00,10737,51,,09465,57932
U09466_LVI_CHR_NLP_240_U,25.96475,48.35300,240.00,65.00,10737,52,,09466,57932
U09467_LVI_CHR_NLP_060_U,25.96475,48.35300,60.00,65.00,10762,50,,09467,57932
U09468_LVI_CHR_NLP_150_U,25.96475,48.35300,150.00,65.00,10762,51,,09468,57932
U09469_LVI_CHR_NLP_240_U,25.96475,48.35300,240.00,65.00,10762,52,,09469,57932
U09471_LVI_CHR_NLP_330_U,25.96475,48.35300,330.00,65.00,10712,53,,09471,57932
U09474_LVI_CHR_NLP_330_U,25.96475,48.35300,330.00,65.00,10737,53,,09474,57932
U09477_LVI_CHR_NLP_330_U,25.96475,48.35300,330.00,65.00,10762,53,,09477,57932
U09491_LVI_CHR_STS_310_U,25.93659,48.27088,310.00,63.00,10712,,,09491,57931
U09494_LVI_CHR_STS_310_U,25.93659,48.27088,310.00,63.00,10737,,,09494,57931
U09497_LVI_CHR_STS_310_U,25.93659,48.27088,310.00,63.00,10762,,,09497,57931
U09501_LVI_CHR_TOB_070_U,25.94178,48.28558,70.00,63.00,10712,128,,09501,57931
U09502_LVI_CHR_TOB_225_U,25.94178,48.28558,225.00,63.00,10712,129,,09502,57931
U09503_LVI_CHR_TOB_325_U,25.94178,48.28558,325.00,63.00,10712,130,,09503,57931
U09504_LVI_CHR_TOB_070_U,25.94178,48.28558,70.00,63.00,10737,128,,09504,57931
U09505_LVI_CHR_TOB_225_U,25.94178,48.28558,225.00,63.00,10737,129,,09505,57931
U09506_LVI_CHR_TOB_325_U,25.94178,48.28558,325.00,63.00,10737,130,,09506,57931
U09507_LVI_CHR_TOB_070_U,25.94178,48.28558,70.00,63.00,10762,128,,09507,57931
U09508_LVI_CHR_TOB_225_U,25.94178,48.28558,225.00,63.00,10762,129,,09508,57931
U09509_LVI_CHR_TOB_325_U,25.94178,48.28558,325.00,63.00,10762,130,,09509,57931
U09511_LVI_CHR_NZL_010_U,25.93114,48.27064,10.00,65.00,10712,200,,09511,57931
U09512_LVI_CHR_NZL_130_U,25.93114,48.27064,130.00,65.00,10712,201,,09512,57931
U09513_LVI_CHR_NZL_250_U,25.93114,48.27064,250.00,65.00,10712,202,,09513,57931
U09514_LVI_CHR_NZL_010_U,25.93114,48.27064,10.00,65.00,10737,200,,09514,57931
U09515_LVI_CHR_NZL_130_U,25.93114,48.27064,130.00,65.00,10737,201,,09515,57931
U09516_LVI_CHR_NZL_250_U,25.93114,48.27064,250.00,65.00,10737,202,,09516,57931
U09517_LVI_CHR_NZL_010_U,25.93114,48.27064,10.00,65.00,10762,200,,09517,57931
U09518_LVI_CHR_NZL_130_U,25.93114,48.27064,130.00,65.00,10762,201,,09518,57931
U09519_LVI_CHR_NZL_250_U,25.93114,48.27064,250.00,65.00,10762,202,,09519,57931
U09611_LVI_CHR_KAC_315_U,25.92667,48.26167,315.00,63.00,10712,,,09611,57942
U09614_LVI_CHR_KAC_315_U,25.92667,48.26167,315.00,63.00,10737,,,09614,57942
U09617_LVI_CHR_KAC_315_U,25.92667,48.26167,315.00,63.00,10762,,,09617,57942
U09631_LVI_CHR_RUS_305_U,25.98583,48.27611,305.00,65.00,10712,6,,09631,57941
U09634_LVI_CHR_RUS_305_U,25.98583,48.27611,305.00,65.00,10737,6,,09634,57941
U09637_LVI_CHR_RUS_305_U,25.98583,48.27611,305.00,65.00,10762,6,,09637,57941
U09641_LVI_CHR_GLI_020_U,25.92953,48.29022,20.00,65.00,10712,224,,09641,57931
U09642_LVI_CHR_GLI_120_U,25.92953,48.29022,120.00,65.00,10712,225,,09642,57931
U09644_LVI_CHR_GLI_020_U,25.92953,48.29022,20.00,65.00,10737,224,,09644,57931
U09645_LVI_CHR_GLI_120_U,25.92953,48.29022,120.00,65.00,10737,225,,09645,57931
U09647_LVI_CHR_GLI_020_U,25.92953,48.29022,20.00,65.00,10762,224,,09647,57931
U09648_LVI_CHR_GLI_120_U,25.92953,48.29022,120.00,65.00,10762,225,,09648,57931
U09681_LVI_CHR_MYR_020_U,25.95542,48.27069,20.00,65.00,10712,448,,09681,57941
U09682_LVI_CHR_MYR_140_U,25.95542,48.27069,140.00,65.00,10712,449,,09682,57941
U09683_LVI_CHR_MYR_270_U,25.95542,48.27069,270.00,65.00,10712,450,,09683,57941
U09684_LVI_CHR_MYR_020_U,25.95542,48.27069,20.00,65.00,10737,448,,09684,57941
U09685_LVI_CHR_MYR_140_U,25.95542,48.27069,140.00,65.00,10737,449,,09685,57941
U09686_LVI_CHR_MYR_270_U,25.95542,48.27069,270.00,65.00,10737,450,,09686,57941
U09687_LVI_CHR_MYR_020_U,25.95542,48.27069,20.00,65.00,10762,448,,09687,57941
U09688_LVI_CHR_MYR_140_U,25.95542,48.27069,140.00,65.00,10762,449,,09688,57941
U09689_LVI_CHR_MYR_270_U,25.95542,48.27069,270.00,65.00,10762,450,,09689,57941
U09691_LVI_CHR_HLU_345_U,25.95278,48.32250,345.00,63.00,10712,502,,09691,57932
U09694_LVI_CHR_HLU_345_U,25.95278,48.32250,345.00,63.00,10737,502,,09694,57932
U09697_LVI_CHR_HLU_345_U,25.95278,48.32250,345.00,63.00,10762,502,,09697,57932
U09771_LVI_CHR_TKA_270_U,25.97800,48.31797,270.00,65.00,10712,206,,09771,57932
U09774_LVI_CHR_TKA_270_U,25.97800,48.31797,270.00,65.00,10737,206,,09774,57932
U09777_LVI_CHR_TKA_270_U,25.97800,48.31797,270.00,65.00,10762,206,,09777,57932
U09781_LVI_CHR_MTR_240_U,25.90547,48.32072,240.00,65.00,10712,445,,09781,57932
U09784_LVI_CHR_MTR_240_U,25.90547,48.32072,240.00,65.00,10737,445,,09784,57932
U09787_LVI_CHR_MTR_240_U,25.90547,48.32072,240.00,65.00,10762,445,,09787,57932
U09791_LVI_CHR_LIS_350_U,25.96558,48.33475,350.00,65.00,10712,173,,09791,57932
U09794_LVI_CHR_LIS_350_U,25.96558,48.33475,350.00,65.00,10737,173,,09794,57932
U09797_LVI_CHR_LIS_350_U,25.96558,48.33475,350.00,65.00,10762,173,,09797,57932
U09801_LVI_CHR_GMD_020_U,25.93397,48.28811,20.00,65.00,10712,72,,09801,57931
U09802_LVI_CHR_GMD_140_U,25.93397,48.28811,140.00,65.00,10712,73,,09802,57931
U09803_LVI_CHR_GMD_250_U,25.93397,48.28811,250.00,65.00,10712,74,,09803,57931
U09804_LVI_CHR_GMD_020_U,25.93397,48.28811,20.00,65.00,10737,72,,09804,57931
U09805_LVI_CHR_GMD_140_U,25.93397,48.28811,140.00,65.00,10737,73,,09805,57931
U09806_LVI_CHR_GMD_250_U,25.93397,48.28811,250.00,65.00,10737,74,,09806,57931
U09807_LVI_CHR_GMD_020_U,25.93397,48.28811,20.00,65.00,10762,72,,09807,57931
U09808_LVI_CHR_GMD_140_U,25.93397,48.28811,140.00,65.00,10762,73,,09808,57931
U09809_LVI_CHR_GMD_250_U,25.93397,48.28811,250.00,65.00,10762,74,,09809,57931
U09821_LVI_CHR_SAD_100_U,25.94147,48.29122,100.00,65.00,10712,280,,09821,57931
U09822_LVI_CHR_SAD_200_U,25.94147,48.29122,200.00,65.00,10712,281,,09822,57931
U09823_LVI_CHR_SAD_300_U,25.94147,48.29122,300.00,65.00,10712,282,,09823,57931
U09824_LVI_CHR_SAD_100_U,25.94147,48.29122,100.00,65.00,10737,280,,09824,57931
U09825_LVI_CHR_SAD_200_U,25.94147,48.29122,200.00,65.00,10737,281,,09825,57931
U09826_LVI_CHR_SAD_300_U,25.94147,48.29122,300.00,65.00,10737,282,,09826,57931
U09827_LVI_CHR_SAD_100_U,25.94147,48.29122,100.00,65.00,10762,280,,09827,57931
U09828_LVI_CHR_SAD_200_U,25.94147,48.29122,200.00,65.00,10762,281,,09828,57931
U09829_LVI_CHR_SAD_300_U,25.94147,48.29122,300.00,65.00,10762,282,,09829,57931
U09831_LVI_CHR_VAL_310_U,25.95661,48.34681,310.00,65.00,10712,318,,09831,57932
U09834_LVI_CHR_VAL_310_U,25.95661,48.34681,310.00,65.00,10737,318,,09834,57932
U09837_LVI_CHR_VAL_310_U,25.95661,48.34681,310.00,65.00,10762,318,,09837,57932
U09841_LVI_CHR_PTR_065_U,25.93636,48.28375,65.00,65.00,10712,261,,09841,57931
U09842_LVI_CHR_PTR_185_U,25.93636,48.28375,185.00,65.00,10712,259,,09842,57931
U09843_LVI_CHR_PTR_305_U,25.93636,48.28375,305.00,65.00,10712,260,,09843,57931
U09844_LVI_CHR_PTR_065_U,25.93636,48.28375,65.00,65.00,10737,261,,09844,57931
U09845_LVI_CHR_PTR_185_U,25.93636,48.28375,185.00,65.00,10737,259,,09845,57931
U09846_LVI_CHR_PTR_305_U,25.93636,48.28375,305.00,65.00,10737,260,,09846,57931
U09847_LVI_CHR_PTR_065_U,25.93636,48.28375,65.00,65.00,10762,261,,09847,57931
U09848_LVI_CHR_PTR_185_U,25.93636,48.28375,185.00,65.00,10762,259,,09848,57931
U09849_LVI_CHR_PTR_305_U,25.93636,48.28375,305.00,65.00,10762,260,,09849,57931
U09851_LVI_CHR_TUR_135_U,25.94047,48.29431,135.00,65.00,10712,184,,09851,57931
U09852_LVI_CHR_TUR_230_U,25.94047,48.29431,230.00,65.00,10712,185,,09852,57931
U09853_LVI_CHR_TUR_325_U,25.94047,48.29431,325.00,65.00,10712,186,,09853,57931
U09854_LVI_CHR_TUR_135_U,25.94047,48.29431,135.00,65.00,10737,184,,09854,57931
U09855_LVI_CHR_TUR_230_U,25.94047,48.29431,230.00,65.00,10737,185,,09855,57931
U09856_LVI_CHR_TUR_325_U,25.94047,48.29431,325.00,65.00,10737,186,,09856,57931
U09857_LVI_CHR_TUR_135_U,25.94047,48.29431,135.00,65.00,10762,184,,09857,57931
U09858_LVI_CHR_TUR_230_U,25.94047,48.29431,230.00,65.00,10762,185,,09858,57931
U09859_LVI_CHR_TUR_325_U,25.94047,48.29431,325.00,65.00,10762,186,,09859,57931
U09861_LVI_CHR_RBU_155_U,25.92906,48.29708,155.00,63.00,10712,96,,09861,57931
U09862_LVI_CHR_RBU_270_U,25.92906,48.29708,270.00,63.00,10712,97,,09862,57931
U09864_LVI_CHR_RBU_155_U,25.92906,48.29708,155.00,63.00,10737,96,,09864,57931
U09865_LVI_CHR_RBU_270_U,25.92906,48.29708,270.00,63.00,10737,97,,09865,57931
U09867_LVI_CHR_RBU_155_U,25.92906,48.29708,155.00,63.00,10762,96,,09867,57931
U09868_LVI_CHR_RBU_270_U,25.92906,48.29708,270.00,63.00,10762,97,,09868,57931
U09871_LVI_CHR_STA_290_U,25.94083,48.27533,290.00,63.00,10712,219,,09871,57931
U09874_LVI_CHR_STA_290_U,25.94083,48.27533,290.00,63.00,10737,219,,09874,57931
U09877_LVI_CHR_STA_290_U,25.94083,48.27533,290.00,63.00,10762,219,,09877,57931
U09881_LVI_CHR_MIZ_340_U,25.92139,48.29083,340.00,65.00,10712,59,,09881,57932
U09884_LVI_CHR_MIZ_340_U,25.92139,48.29083,340.00,65.00,10737,59,,09884,57932
U09887_LVI_CHR_MIZ_340_U,25.92139,48.29083,340.00,65.00,10762,59,,09887,57932
U09891_LVI_CHR_FDK_285_U,25.93139,48.27639,285.00,63.00,10712,42,,09891,57931
U09894_LVI_CHR_FDK_285_U,25.93139,48.27639,285.00,63.00,10737,42,,09894,57931
U09897_LVI_CHR_FDK_285_U,25.93139,48.27639,285.00,63.00,10762,42,,09897,57931
U09901_LVI_CHR_NEZ_285_U,25.93889,48.26678,285.00,63.00,10712,411,,09901,57942
U09904_LVI_CHR_NEZ_285_U,25.93889,48.26678,285.00,63.00,10737,411,,09904,57942
U09907_LVI_CHR_NEZ_285_U,25.93889,48.26678,285.00,63.00,10762,411,,09907,57942
U09911_LVI_CHR_KMR_030_U,25.92950,48.25711,30.00,65.00,10712,123,,09911,57942
U09912_LVI_CHR_KMR_130_U,25.92950,48.25711,130.00,65.00,10712,124,,09912,57942
U09913_LVI_CHR_KMR_230_U,25.92950,48.25711,230.00,65.00,10712,125,,09913,57942
U09914_LVI_CHR_KMR_030_U,25.92950,48.25711,30.00,65.00,10737,123,,09914,57942
U09915_LVI_CHR_KMR_130_U,25.92950,48.25711,130.00,65.00,10737,124,,09915,57942
U09916_LVI_CHR_KMR_230_U,25.92950,48.25711,230.00,65.00,10737,125,,09916,57942
U09917_LVI_CHR_KMR_030_U,25.92950,48.25711,30.00,65.00,10762,123,,09917,57942
U09918_LVI_CHR_KMR_130_U,25.92950,48.25711,130.00,65.00,10762,124,,09918,57942
U09919_LVI_CHR_KMR_230_U,25.92950,48.25711,230.00,65.00,10762,125,,09919,57942
U09921_LVI_CHR_RAT_060_U,25.93478,48.29167,60.00,65.00,10712,136,,09921,57931
U09924_LVI_CHR_RAT_060_U,25.93478,48.29167,60.00,65.00,10737,136,,09924,57931
U09927_LVI_CHR_RAT_060_U,25.93478,48.29167,60.00,65.00,10762,136,,09927,57931
U09941_LVI_CHR_28C_020_U,25.93000,48.29564,20.00,65.00,10712,,,09941,57931
U09942_LVI_CHR_28C_110_U,25.93008,48.29559,110.00,65.00,10712,,,09942,57931
U09943_LVI_CHR_28C_200_U,25.93008,48.29559,200.00,65.00,10712,,,09943,57931
U09944_LVI_CHR_28C_020_U,25.93000,48.29564,20.00,65.00,10737,,,09944,57931
U09945_LVI_CHR_28C_110_U,25.93008,48.29559,110.00,65.00,10737,,,09945,57931
U09946_LVI_CHR_28C_200_U,25.93008,48.29559,200.00,65.00,10737,,,09946,57931
U09947_LVI_CHR_28C_020_U,25.93000,48.29564,20.00,65.00,10762,,,09947,57931
U09948_LVI_CHR_28C_110_U,25.93008,48.29559,110.00,65.00,10762,,,09948,57931
U09949_LVI_CHR_28C_200_U,25.93008,48.29559,200.00,65.00,10762,,,09949,57931
U10301_LVI_CHR_28C_290_U,25.93000,48.29564,290.00,65.00,10712,,,10301,57931
U10304_LVI_CHR_28C_290_U,25.93000,48.29564,290.00,65.00,10737,,,10304,57931
U10307_LVI_CHR_28C_290_U,25.93000,48.29564,290.00,65.00,10762,,,10307,57931
U10351_LVI_CHR_K40_080_U,25.93244,48.25978,80.00,65.00,10712,507,,10351,57942
U10352_LVI_CHR_K40_170_U,25.93244,48.25978,170.00,65.00,10712,508,,10352,57942
U10353_LVI_CHR_K40_260_U,25.93194,48.26044,260.00,65.00,10712,509,,10353,57942
U10354_LVI_CHR_K40_080_U,25.93244,48.25978,80.00,65.00,10737,507,,10354,57942
U10355_LVI_CHR_K40_170_U,25.93244,48.25978,170.00,65.00,10737,508,,10355,57942
U10356_LVI_CHR_K40_260_U,25.93194,48.26044,260.00,65.00,10737,509,,10356,57942
U10357_LVI_CHR_K40_080_U,25.93244,48.25978,80.00,65.00,10762,507,,10357,57942
U10358_LVI_CHR_K40_170_U,25.93244,48.25978,170.00,65.00,10762,508,,10358,57942
U10359_LVI_CHR_K40_260_U,25.93194,48.26044,260.00,65.00,10762,509,,10359,57942
U10511_LVI_CHR_K40_350_U,25.93194,48.26044,350.00,65.00,10712,510,,10511,57942
U10514_LVI_CHR_K40_350_U,25.93194,48.26044,350.00,65.00,10737,510,,10514,57942
U10517_LVI_CHR_K40_350_U,25.93194,48.26044,350.00,65.00,10762,510,,10517,57942
U10521_LVI_CHR_HOT_IN1_U,25.94650,48.27072,0.00,360.00,10712,387,,10521,57942
U10524_LVI_CHR_HOT_IN1_U,25.94650,48.27072,0.00,360.00,10737,387,,10524,57942
U10527_LVI_CHR_HOT_IN1_U,25.94650,48.27072,0.00,360.00,10762,387,,10527,57942
U10531_LVI_CHR_KRA_280_U,25.92600,48.26833,280.00,65.00,10712,323,,10531,57931
U10534_LVI_CHR_KRA_280_U,25.92600,48.26833,280.00,65.00,10737,323,,10534,57931
U10537_LVI_CHR_KRA_280_U,25.92600,48.26833,280.00,65.00,10762,323,,10537,57931
U10631_LVI_CHR_GOL_280_U,25.93884,48.28339,280.00,63.00,10712,302,,10631,57931
U10634_LVI_CHR_GOL_280_U,25.93884,48.28339,280.00,63.00,10737,302,,10634,57931
U10637_LVI_CHR_GOL_280_U,25.93884,48.28339,280.00,63.00,10762,302,,10637,57931
U10691_LVI_CHR_MAM_020_U,25.83250,48.35278,20.00,65.00,10712,331,,10691,57933
U10692_LVI_CHR_MAM_115_U,25.83250,48.35278,115.00,65.00,10712,332,,10692,57933
U10693_LVI_CHR_MAM_280_U,25.83250,48.35278,280.00,65.00,10712,333,,10693,57933
U10694_LVI_CHR_MAM_020_U,25.83250,48.35278,20.00,65.00,10737,331,,10694,57933
U10695_LVI_CHR_MAM_115_U,25.83250,48.35278,115.00,65.00,10737,332,,10695,57933
U10696_LVI_CHR_MAM_280_U,25.83250,48.35278,280.00,65.00,10737,333,,10696,57933
U10697_LVI_CHR_MAM_020_U,25.83250,48.35278,20.00,65.00,10762,331,,10697,57933
U10698_LVI_CHR_MAM_115_U,25.83250,48.35278,115.00,65.00,10762,332,,10698,57933
U10699_LVI_CHR_MAM_280_U,25.83250,48.35278,280.00,65.00,10762,333,,10699,57933
U10861_LVI_CHR_OAZ_030_U,26.00517,48.26858,30.00,65.00,10712,211,,10861,57941
U10862_LVI_CHR_OAZ_120_U,26.00517,48.26858,120.00,65.00,10712,212,,10862,57941
U10863_LVI_CHR_OAZ_210_U,26.00517,48.26858,210.00,65.00,10712,213,,10863,57941
U10864_LVI_CHR_OAZ_030_U,26.00517,48.26858,30.00,65.00,10737,211,,10864,57941
U10865_LVI_CHR_OAZ_120_U,26.00517,48.26858,120.00,65.00,10737,212,,10865,57941
U10866_LVI_CHR_OAZ_210_U,26.00517,48.26858,210.00,65.00,10737,213,,10866,57941
U10867_LVI_CHR_OAZ_030_U,26.00517,48.26858,30.00,65.00,10762,211,,10867,57941
U10868_LVI_CHR_OAZ_120_U,26.00517,48.26858,120.00,65.00,10762,212,,10868,57941
U10869_LVI_CHR_OAZ_210_U,26.00517,48.26858,210.00,65.00,10762,213,,10869,57941
U10871_LVI_CHR_OAZ_300_U,26.00517,48.26858,300.00,65.00,10712,214,,10871,57941
U10874_LVI_CHR_OAZ_300_U,26.00517,48.26858,300.00,65.00,10737,214,,10874,57941
U10877_LVI_CHR_OAZ_300_U,26.00517,48.26858,300.00,65.00,10762,214,,10877,57941
U10881_LVI_CHR_CVI_030_U,25.93253,48.24986,30.00,64.00,10712,338,,10881,57942
U10882_LVI_CHR_CVI_180_U,25.93253,48.24986,180.00,64.00,10712,339,,10882,57942
U10883_LVI_CHR_CVI_280_U,25.93253,48.24986,280.00,64.00,10712,340,,10883,57942
U10884_LVI_CHR_CVI_030_U,25.93253,48.24986,30.00,64.00,10737,338,,10884,57942
U10885_LVI_CHR_CVI_180_U,25.93253,48.24986,180.00,64.00,10737,339,,10885,57942
U10886_LVI_CHR_CVI_280_U,25.93253,48.24986,280.00,64.00,10737,340,,10886,57942
U10887_LVI_CHR_CVI_030_U,25.93253,48.24986,30.00,64.00,10762,338,,10887,57942
U10888_LVI_CHR_CVI_180_U,25.93253,48.24986,180.00,64.00,10762,339,,10888,57942
U10889_LVI_CHR_CVI_280_U,25.93253,48.24986,280.00,64.00,10762,340,,10889,57942
U10911_LVI_CHR_JAB_140_U,25.92075,48.25303,140.00,65.00,10712,306,,10911,57942
U10912_LVI_CHR_JAB_255_U,25.92075,48.25303,255.00,65.00,10712,307,,10912,57942
U10914_LVI_CHR_JAB_140_U,25.92075,48.25303,140.00,65.00,10737,306,,10914,57942
U10915_LVI_CHR_JAB_255_U,25.92075,48.25303,255.00,65.00,10737,307,,10915,57942
U10917_LVI_CHR_JAB_140_U,25.92075,48.25303,140.00,65.00,10762,306,,10917,57942
U10918_LVI_CHR_JAB_255_U,25.92075,48.25303,255.00,65.00,10762,307,,10918,57942
U10921_LVI_CHR_ENT_060_U,25.95061,48.25806,60.00,65.00,10712,155,,10921,57942
U10922_LVI_CHR_ENT_150_U,25.95061,48.25806,150.00,65.00,10712,156,,10922,57942
U10923_LVI_CHR_ENT_300_U,25.95061,48.25806,300.00,65.00,10712,157,,10923,57942
U10924_LVI_CHR_ENT_060_U,25.95061,48.25806,60.00,65.00,10737,155,,10924,57942
U10925_LVI_CHR_ENT_150_U,25.95061,48.25806,150.00,65.00,10737,156,,10925,57942
U10926_LVI_CHR_ENT_300_U,25.95061,48.25806,300.00,65.00,10737,157,,10926,57942
U10927_LVI_CHR_ENT_060_U,25.95061,48.25806,60.00,65.00,10762,155,,10927,57942
U10928_LVI_CHR_ENT_150_U,25.95061,48.25806,150.00,65.00,10762,156,,10928,57942
U10929_LVI_CHR_ENT_300_U,25.95061,48.25806,300.00,65.00,10762,157,,10929,57942
U10981_LVI_CHR_GST_020_U,25.95314,48.25561,20.00,65.00,10712,90,,10981,57942
U10982_LVI_CHR_GST_110_U,25.95337,48.25517,110.00,65.00,10712,91,,10982,57942
U10983_LVI_CHR_GST_200_U,25.95337,48.25517,200.00,65.00,10712,92,,10983,57942
U10984_LVI_CHR_GST_020_U,25.95314,48.25561,20.00,65.00,10737,90,,10984,57942
U10985_LVI_CHR_GST_110_U,25.95337,48.25517,110.00,65.00,10737,91,,10985,57942
U10986_LVI_CHR_GST_200_U,25.95337,48.25517,200.00,65.00,10737,92,,10986,57942
U10987_LVI_CHR_GST_020_U,25.95314,48.25561,20.00,65.00,10762,90,,10987,57942
U10988_LVI_CHR_GST_110_U,25.95337,48.25517,110.00,65.00,10762,91,,10988,57942
U10989_LVI_CHR_GST_200_U,25.95337,48.25517,200.00,65.00,10762,92,,10989,57942
U11001_LVI_CHR_GST_290_U,25.95314,48.25561,290.00,65.00,10712,93,,11001,57942
U11004_LVI_CHR_GST_290_U,25.95314,48.25561,290.00,65.00,10737,93,,11004,57942
U11007_LVI_CHR_GST_290_U,25.95314,48.25561,290.00,65.00,10762,93,,11007,57942
U11011_LVI_CHR_KMA_025_U,25.91856,48.28631,25.00,65.00,10712,160,,11011,57932
U11012_LVI_CHR_KMA_115_U,25.91875,48.28603,115.00,65.00,10712,161,,11012,57932
U11013_LVI_CHR_KMA_205_U,25.91875,48.28603,205.00,65.00,10712,162,,11013,57932
U11014_LVI_CHR_KMA_025_U,25.91856,48.28631,25.00,65.00,10737,160,,11014,57932
U11015_LVI_CHR_KMA_115_U,25.91875,48.28603,115.00,65.00,10737,161,,11015,57932
U11016_LVI_CHR_KMA_205_U,25.91875,48.28603,205.00,65.00,10737,162,,11016,57932
U11017_LVI_CHR_KMA_025_U,25.91856,48.28631,25.00,65.00,10762,160,,11017,57932
U11018_LVI_CHR_KMA_115_U,25.91875,48.28603,115.00,65.00,10762,161,,11018,57932
U11019_LVI_CHR_KMA_205_U,25.91875,48.28603,205.00,65.00,10762,162,,11019,57932
U11021_LVI_CHR_KMA_295_U,25.91856,48.28631,295.00,65.00,10712,163,,11021,57932
U11024_LVI_CHR_KMA_295_U,25.91856,48.28631,295.00,65.00,10737,163,,11024,57932
U11027_LVI_CHR_KMA_295_U,25.91856,48.28631,295.00,65.00,10762,163,,11027,57932
U11371_LVI_CHR_RSA_040_U,25.97872,48.28139,40.00,65.00,10712,395,,11371,57941
U11372_LVI_CHR_RSA_095_U,25.98038,48.28068,95.00,65.00,10712,396,,11372,57941
U11373_LVI_CHR_RSA_305_U,25.97872,48.28139,305.00,65.00,10712,397,,11373,57941
U11374_LVI_CHR_RSA_040_U,25.97872,48.28139,40.00,65.00,10737,395,,11374,57941
U11375_LVI_CHR_RSA_095_U,25.98038,48.28068,95.00,65.00,10737,396,,11375,57941
U11376_LVI_CHR_RSA_305_U,25.97872,48.28139,305.00,65.00,10737,397,,11376,57941
U11377_LVI_CHR_RSA_040_U,25.97872,48.28139,40.00,65.00,10762,395,,11377,57941
U11378_LVI_CHR_RSA_095_U,25.98038,48.28068,95.00,65.00,10762,396,,11378,57941
U11379_LVI_CHR_RSA_305_U,25.97872,48.28139,305.00,65.00,10762,397,,11379,57941
U11411_LVI_CHR_YUN_040_U,25.93431,48.28564,40.00,65.00,10712,,,11411,57931
U11412_LVI_CHR_YUN_150_U,25.93431,48.28564,150.00,65.00,10712,,,11412,57931
U11414_LVI_CHR_YUN_040_U,25.93431,48.28564,40.00,65.00,10737,,,11414,57931
U11415_LVI_CHR_YUN_150_U,25.93431,48.28564,150.00,65.00,10737,,,11415,57931
U11417_LVI_CHR_YUN_040_U,25.93431,48.28564,40.00,65.00,10762,,,11417,57931
U11418_LVI_CHR_YUN_150_U,25.93431,48.28564,150.00,65.00,10762,,,11418,57931
U11671_LVI_CHR_GGA_030_U,25.93150,48.30094,30.00,65.00,10712,248,,11671,57931
U11672_LVI_CHR_GGA_135_U,25.93150,48.30094,135.00,65.00,10712,249,,11672,57931
U11673_LVI_CHR_GGA_270_U,25.93150,48.30094,270.00,65.00,10712,250,,11673,57931
U11674_LVI_CHR_GGA_030_U,25.93150,48.30094,30.00,65.00,10737,248,,11674,57931
U11675_LVI_CHR_GGA_135_U,25.93150,48.30094,135.00,65.00,10737,249,,11675,57931
U11676_LVI_CHR_GGA_270_U,25.93150,48.30094,270.00,65.00,10737,250,,11676,57931
U11677_LVI_CHR_GGA_030_U,25.93150,48.30094,30.00,65.00,10762,248,,11677,57931
U11678_LVI_CHR_GGA_135_U,25.93150,48.30094,135.00,65.00,10762,249,,11678,57931
U11679_LVI_CHR_GGA_270_U,25.93150,48.30094,270.00,65.00,10762,250,,11679,57931
U11781_LVI_CHR_K18_070_U,25.93375,48.25750,70.00,65.00,10712,,,11781,57942
U11782_LVI_CHR_K18_170_U,25.93378,48.25742,170.00,65.00,10712,,,11782,57942
U11783_LVI_CHR_K18_310_U,25.93339,48.25747,310.00,65.00,10712,,,11783,57942
U11784_LVI_CHR_K18_070_U,25.93375,48.25750,70.00,65.00,10737,,,11784,57942
U11785_LVI_CHR_K18_170_U,25.93378,48.25742,170.00,65.00,10737,,,11785,57942
U11786_LVI_CHR_K18_310_U,25.93339,48.25747,310.00,65.00,10737,,,11786,57942
U11787_LVI_CHR_K18_070_U,25.93375,48.25750,70.00,65.00,10762,,,11787,57942
U11788_LVI_CHR_K18_170_U,25.93378,48.25742,170.00,65.00,10762,,,11788,57942
U11789_LVI_CHR_K18_310_U,25.93339,48.25747,310.00,65.00,10762,,,11789,57942
U11791_LVI_CHR_ODA_040_U,25.93292,48.29094,40.00,65.00,10712,112,,11791,57931
U11792_LVI_CHR_ODA_130_U,25.93292,48.29058,130.00,65.00,10712,114,,11792,57931
U11793_LVI_CHR_ODA_220_U,25.93181,48.29058,220.00,65.00,10712,115,,11793,57931
U11794_LVI_CHR_ODA_040_U,25.93292,48.29094,40.00,65.00,10737,112,,11794,57931
U11795_LVI_CHR_ODA_130_U,25.93292,48.29058,130.00,65.00,10737,114,,11795,57931
U11796_LVI_CHR_ODA_220_U,25.93181,48.29058,220.00,65.00,10737,115,,11796,57931
U11797_LVI_CHR_ODA_040_U,25.93292,48.29094,40.00,65.00,10762,112,,11797,57931
U11798_LVI_CHR_ODA_130_U,25.93292,48.29058,130.00,65.00,10762,114,,11798,57931
U11799_LVI_CHR_ODA_220_U,25.93181,48.29058,220.00,65.00,10762,115,,11799,57931
U11961_LVI_CHR_ODA_310_U,25.93181,48.29094,310.00,65.00,10712,117,,11961,57931
U11962_LVI_CHR_ODA_080_U,25.93250,48.29072,80.00,72.00,10712,113,,11962,57931
U11963_LVI_CHR_ODA_260_U,25.93222,48.29072,260.00,72.00,10712,116,,11963,57931
U11964_LVI_CHR_ODA_310_U,25.93181,48.29094,310.00,65.00,10737,117,,11964,57931
U11965_LVI_CHR_ODA_080_U,25.93250,48.29072,80.00,72.00,10737,113,,11965,57931
U11966_LVI_CHR_ODA_260_U,25.93222,48.29072,260.00,72.00,10737,116,,11966,57931
U11967_LVI_CHR_ODA_310_U,25.93181,48.29094,310.00,65.00,10762,117,,11967,57931
U11968_LVI_CHR_ODA_080_U,25.93250,48.29072,80.00,72.00,10762,113,,11968,57931
U11969_LVI_CHR_ODA_260_U,25.93222,48.29072,260.00,72.00,10762,116,,11969,57931
U12131_LVI_CHR_GMA_060_U,25.92547,48.26475,60.00,65.00,10712,392,,12131,57942
U12132_LVI_CHR_GMA_175_U,25.92547,48.26475,175.00,65.00,10712,393,,12132,57942
U12133_LVI_CHR_GMA_300_U,25.92547,48.26475,300.00,65.00,10712,394,,12133,57942
U12134_LVI_CHR_GMA_060_U,25.92547,48.26475,60.00,65.00,10737,392,,12134,57942
U12135_LVI_CHR_GMA_175_U,25.92547,48.26475,175.00,65.00,10737,393,,12135,57942
U12136_LVI_CHR_GMA_300_U,25.92547,48.26475,300.00,65.00,10737,394,,12136,57942
U12137_LVI_CHR_GMA_060_U,25.92547,48.26475,60.00,65.00,10762,392,,12137,57942
U12138_LVI_CHR_GMA_175_U,25.92547,48.26475,175.00,65.00,10762,393,,12138,57942
U12139_LVI_CHR_GMA_300_U,25.92547,48.26475,300.00,65.00,10762,394,,12139,57942
U12141_LVI_CHR_BLU_080_U,25.94964,48.27892,80.00,65.00,10712,328,,12141,57931
U12142_LVI_CHR_BLU_180_U,25.94964,48.27892,180.00,65.00,10712,329,,12142,57931
U12143_LVI_CHR_BLU_320_U,25.94964,48.27892,320.00,65.00,10712,330,,12143,57931
U12144_LVI_CHR_BLU_080_U,25.94964,48.27892,80.00,65.00,10737,328,,12144,57931
U12145_LVI_CHR_BLU_180_U,25.94964,48.27892,180.00,65.00,10737,329,,12145,57931
U12146_LVI_CHR_BLU_320_U,25.94964,48.27892,320.00,65.00,10737,330,,12146,57931
U12147_LVI_CHR_BLU_080_U,25.94964,48.27892,80.00,65.00,10762,328,,12147,57931
U12148_LVI_CHR_BLU_180_U,25.94964,48.27892,180.00,65.00,10762,329,,12148,57931
U12149_LVI_CHR_BLU_320_U,25.94964,48.27892,320.00,65.00,10762,330,,12149,57931
U25001_LVI_CHR_AVN_060_U,25.96444,48.26972,60.00,65.00,10712,105,,25001,57941
U25002_LVI_CHR_AVN_200_U,25.96444,48.26972,200.00,65.00,10712,106,,25002,57941
U25003_LVI_CHR_AVN_320_U,25.96444,48.26972,320.00,65.00,10712,107,,25003,57941
U25004_LVI_CHR_AVN_060_U,25.96444,48.26972,60.00,65.00,10737,105,,25004,57941
U25005_LVI_CHR_AVN_200_U,25.96444,48.26972,200.00,65.00,10737,106,,25005,57941
U25006_LVI_CHR_AVN_320_U,25.96444,48.26972,320.00,65.00,10737,107,,25006,57941
U25007_LVI_CHR_AVN_060_U,25.96444,48.26972,60.00,65.00,10762,105,,25007,57941
U25008_LVI_CHR_AVN_200_U,25.96444,48.26972,200.00,65.00,10762,106,,25008,57941
U25009_LVI_CHR_AVN_320_U,25.96444,48.26972,320.00,65.00,10762,107,,25009,57941
U25011_LVI_CHR_BAZ_000_U,25.96258,48.31047,0.00,63.00,10712,324,,25011,57932
U25012_LVI_CHR_BAZ_120_U,25.96258,48.31047,120.00,63.00,10712,325,,25012,57932
U25013_LVI_CHR_BAZ_250_U,25.96258,48.31047,250.00,63.00,10712,326,,25013,57932
U25014_LVI_CHR_BAZ_000_U,25.96258,48.31047,0.00,63.00,10737,324,,25014,57932
U25015_LVI_CHR_BAZ_120_U,25.96258,48.31047,120.00,63.00,10737,325,,25015,57932
U25016_LVI_CHR_BAZ_250_U,25.96258,48.31047,250.00,63.00,10737,326,,25016,57932
U25017_LVI_CHR_BAZ_000_U,25.96258,48.31047,0.00,63.00,10762,324,,25017,57932
U25018_LVI_CHR_BAZ_120_U,25.96258,48.31047,120.00,63.00,10762,325,,25018,57932
U25019_LVI_CHR_BAZ_250_U,25.96258,48.31047,250.00,63.00,10762,326,,25019,57932
U25021_LVI_CHR_BGD_000_U,25.92647,48.29456,0.00,65.00,10712,192,,25021,57931
U25022_LVI_CHR_BGD_120_U,25.92647,48.29456,120.00,65.00,10712,193,,25022,57931
U25024_LVI_CHR_BGD_000_U,25.92647,48.29456,0.00,65.00,10737,192,,25024,57931
U25025_LVI_CHR_BGD_120_U,25.92647,48.29456,120.00,65.00,10737,193,,25025,57931
U25027_LVI_CHR_BGD_000_U,25.92647,48.29456,0.00,65.00,10762,192,,25027,57931
U25028_LVI_CHR_BGD_120_U,25.92647,48.29456,120.00,65.00,10762,193,,25028,57931
U25031_LVI_CHR_BHM_015_U,25.96892,48.28881,15.00,65.00,10712,488,,25031,57941
U25032_LVI_CHR_BHM_145_U,25.96892,48.28881,145.00,65.00,10712,489,,25032,57941
U25033_LVI_CHR_BHM_290_U,25.96892,48.28881,290.00,65.00,10712,490,,25033,57941
U25034_LVI_CHR_BHM_015_U,25.96892,48.28881,15.00,65.00,10737,488,,25034,57941
U25035_LVI_CHR_BHM_145_U,25.96892,48.28881,145.00,65.00,10737,489,,25035,57941
U25036_LVI_CHR_BHM_290_U,25.96892,48.28881,290.00,65.00,10737,490,,25036,57941
U25037_LVI_CHR_BHM_015_U,25.96892,48.28881,15.00,65.00,10762,488,,25037,57941
U25038_LVI_CHR_BHM_145_U,25.96892,48.28881,145.00,65.00,10762,489,,25038,57941
U25039_LVI_CHR_BHM_290_U,25.96892,48.28881,290.00,65.00,10762,490,,25039,57941
U25041_LVI_CHR_BIL_060_U,25.95167,48.29889,60.00,65.00,10712,288,,25041,57932
U25042_LVI_CHR_BIL_180_U,25.95167,48.29889,180.00,65.00,10712,289,,25042,57932
U25043_LVI_CHR_BIL_300_U,25.95167,48.29889,300.00,65.00,10712,290,,25043,57932
U25044_LVI_CHR_BIL_060_U,25.95167,48.29889,60.00,65.00,10737,288,,25044,57932
U25045_LVI_CHR_BIL_180_U,25.95167,48.29889,180.00,65.00,10737,289,,25045,57932
U25046_LVI_CHR_BIL_300_U,25.95167,48.29889,300.00,65.00,10737,290,,25046,57932
U25047_LVI_CHR_BIL_060_U,25.95167,48.29889,60.00,65.00,10762,288,,25047,57932
U25048_LVI_CHR_BIL_180_U,25.95167,48.29889,180.00,65.00,10762,289,,25048,57932
U25049_LVI_CHR_BIL_300_U,25.95167,48.29889,300.00,65.00,10762,290,,25049,57932
U25051_LVI_CHR_BOZ_070_U,25.95844,48.25750,70.00,65.00,10712,98,,25051,57942
U25052_LVI_CHR_BOZ_175_U,25.95844,48.25750,175.00,65.00,10712,99,,25052,57942
U25053_LVI_CHR_BOZ_290_U,25.95820,48.25772,290.00,65.00,10712,100,,25053,57942
U25054_LVI_CHR_BOZ_070_U,25.95844,48.25750,70.00,65.00,10737,98,,25054,57942
U25055_LVI_CHR_BOZ_175_U,25.95844,48.25750,175.00,65.00,10737,99,,25055,57942
U25056_LVI_CHR_BOZ_290_U,25.95820,48.25772,290.00,65.00,10737,100,,25056,57942
U25057_LVI_CHR_BOZ_070_U,25.95844,48.25750,70.00,65.00,10762,98,,25057,57942
U25058_LVI_CHR_BOZ_175_U,25.95844,48.25750,175.00,65.00,10762,99,,25058,57942
U25059_LVI_CHR_BOZ_290_U,25.95820,48.25772,290.00,65.00,10762,100,,25059,57942
U25061_LVI_CHR_BUK_000_U,25.94922,48.27289,0.00,63.00,10712,376,,25061,57942
U25062_LVI_CHR_BUK_120_U,25.94922,48.27289,120.00,63.00,10712,377,,25062,57942
U25063_LVI_CHR_BUK_270_U,25.94922,48.27289,270.00,63.00,10712,378,,25063,57942
U25064_LVI_CHR_BUK_000_U,25.94922,48.27289,0.00,63.00,10737,376,,25064,57942
U25065_LVI_CHR_BUK_120_U,25.94922,48.27289,120.00,63.00,10737,377,,25065,57942
U25066_LVI_CHR_BUK_270_U,25.94922,48.27289,270.00,63.00,10737,378,,25066,57942
U25067_LVI_CHR_BUK_000_U,25.94922,48.27289,0.00,63.00,10762,376,,25067,57942
U25068_LVI_CHR_BUK_120_U,25.94922,48.27289,120.00,63.00,10762,377,,25068,57942
U25069_LVI_CHR_BUK_270_U,25.94922,48.27289,270.00,63.00,10762,378,,25069,57942
U25071_LVI_CHR_CEC_050_U,25.84228,48.29581,50.00,65.00,10712,267,,25071,57932
U25072_LVI_CHR_CEC_150_U,25.84228,48.29581,150.00,65.00,10712,268,,25072,57932
U25073_LVI_CHR_CEC_290_U,25.84228,48.29581,290.00,65.00,10712,269,,25073,57932
U25074_LVI_CHR_CEC_050_U,25.84228,48.29581,50.00,65.00,10737,267,,25074,57932
U25075_LVI_CHR_CEC_150_U,25.84228,48.29581,150.00,65.00,10737,268,,25075,57932
U25076_LVI_CHR_CEC_290_U,25.84228,48.29581,290.00,65.00,10737,269,,25076,57932
U25077_LVI_CHR_CEC_050_U,25.84228,48.29581,50.00,65.00,10762,267,,25077,57932
U25078_LVI_CHR_CEC_150_U,25.84228,48.29581,150.00,65.00,10762,268,,25078,57932
U25079_LVI_CHR_CEC_290_U,25.84228,48.29581,290.00,65.00,10762,269,,25079,57932
U25081_LVI_CHR_IZM_050_U,25.96678,48.29200,50.00,65.00,10712,454,1938,25081,57941
U25082_LVI_CHR_IZM_170_U,25.96678,48.29200,170.00,65.00,10712,455,1938,25082,57941
U25083_LVI_CHR_IZM_300_U,25.96678,48.29200,300.00,65.00,10712,462,1938,25083,57941
U25084_LVI_CHR_IZM_050_U,25.96678,48.29200,50.00,65.00,10737,454,1938,25084,57941
U25085_LVI_CHR_IZM_170_U,25.96678,48.29200,170.00,65.00,10737,455,1938,25085,57941
U25086_LVI_CHR_IZM_300_U,25.96678,48.29200,300.00,65.00,10737,462,1938,25086,57941
U25087_LVI_CHR_IZM_050_U,25.96678,48.29200,50.00,65.00,10762,454,1938,25087,57941
U25088_LVI_CHR_IZM_170_U,25.96678,48.29200,170.00,65.00,10762,455,1938,25088,57941
U25089_LVI_CHR_IZM_300_U,25.96678,48.29200,300.00,65.00,10762,462,1938,25089,57941
U25091_LVI_CHR_IZM_335_U,25.96678,48.29200,335.00,65.00,10712,463,1938,25091,57941
U25094_LVI_CHR_IZM_335_U,25.96678,48.29200,335.00,65.00,10737,463,1938,25094,57941
U25097_LVI_CHR_IZM_335_U,25.96678,48.29200,335.00,65.00,10762,463,1938,25097,57941
U25101_LVI_CHR_DRU_015_U,25.95358,48.26050,15.00,63.00,10712,179,,25101,57942
U25102_LVI_CHR_DRU_120_U,25.95358,48.26050,120.00,63.00,10712,180,,25102,57942
U25103_LVI_CHR_DRU_245_U,25.95358,48.26050,245.00,63.00,10712,181,,25103,57942
U25104_LVI_CHR_DRU_015_U,25.95358,48.26050,15.00,63.00,10737,179,,25104,57942
U25105_LVI_CHR_DRU_120_U,25.95358,48.26050,120.00,63.00,10737,180,,25105,57942
U25106_LVI_CHR_DRU_245_U,25.95358,48.26050,245.00,63.00,10737,181,,25106,57942
U25107_LVI_CHR_DRU_015_U,25.95358,48.26050,15.00,63.00,10762,179,,25107,57942
U25108_LVI_CHR_DRU_120_U,25.95358,48.26050,120.00,63.00,10762,180,,25108,57942
U25109_LVI_CHR_DRU_245_U,25.95358,48.26050,245.00,63.00,10762,181,,25109,57942
U25111_LVI_CHR_DUB_100_U,25.92247,48.27150,100.00,63.00,10712,208,,25111,57931
U25112_LVI_CHR_DUB_220_U,25.92247,48.27150,220.00,63.00,10712,209,,25112,57931
U25113_LVI_CHR_DUB_320_U,25.92247,48.27150,320.00,63.00,10712,210,,25113,57931
U25114_LVI_CHR_DUB_100_U,25.92247,48.27150,100.00,63.00,10737,208,,25114,57931
U25115_LVI_CHR_DUB_220_U,25.92247,48.27150,220.00,63.00,10737,209,,25115,57931
U25116_LVI_CHR_DUB_320_U,25.92247,48.27150,320.00,63.00,10737,210,,25116,57931
U25117_LVI_CHR_DUB_100_U,25.92247,48.27150,100.00,63.00,10762,208,,25117,57931
U25118_LVI_CHR_DUB_220_U,25.92247,48.27150,220.00,63.00,10762,209,,25118,57931
U25119_LVI_CHR_DUB_320_U,25.92247,48.27150,320.00,63.00,10762,210,,25119,57931
U25121_LVI_CHR_ELM_015_U,25.94909,48.26300,15.00,65.00,10712,226,,25121,57942
U25122_LVI_CHR_ELM_120_U,25.94909,48.26300,120.00,65.00,10712,227,,25122,57942
U25123_LVI_CHR_ELM_245_U,25.94909,48.26300,245.00,65.00,10712,228,,25123,57942
U25124_LVI_CHR_ELM_015_U,25.94909,48.26300,15.00,65.00,10737,226,,25124,57942
U25125_LVI_CHR_ELM_120_U,25.94909,48.26300,120.00,65.00,10737,227,,25125,57942
U25126_LVI_CHR_ELM_245_U,25.94909,48.26300,245.00,65.00,10737,228,,25126,57942
U25127_LVI_CHR_ELM_015_U,25.94909,48.26300,15.00,65.00,10762,226,,25127,57942
U25128_LVI_CHR_ELM_120_U,25.94909,48.26300,120.00,65.00,10762,227,,25128,57942
U25129_LVI_CHR_ELM_245_U,25.94909,48.26300,245.00,65.00,10762,228,,25129,57942
U25131_LVI_CHR_EPI_IN1_U,25.93975,48.31800,0.00,72.00,10712,469,,25131,57932
U25132_LVI_CHR_EPI_100_U,25.94088,48.31719,100.00,63.00,10712,467,,25132,57932
U25133_LVI_CHR_EPI_315_U,25.93864,48.31872,315.00,63.00,10712,468,,25133,57932
U25134_LVI_CHR_EPI_IN1_U,25.93975,48.31800,0.00,72.00,10737,469,,25134,57932
U25135_LVI_CHR_EPI_100_U,25.94088,48.31719,100.00,63.00,10737,467,,25135,57932
U25136_LVI_CHR_EPI_315_U,25.93864,48.31872,315.00,63.00,10737,468,,25136,57932
U25137_LVI_CHR_EPI_IN1_U,25.93975,48.31800,0.00,72.00,10762,469,,25137,57932
U25138_LVI_CHR_EPI_100_U,25.94088,48.31719,100.00,63.00,10762,467,,25138,57932
U25139_LVI_CHR_EPI_315_U,25.93864,48.31872,315.00,63.00,10762,468,,25139,57932
U25141_LVI_CHR_FDK_015_U,25.93139,48.27639,15.00,63.00,10712,40,,25141,57931
U25142_LVI_CHR_FDK_105_U,25.93139,48.27639,105.00,63.00,10712,43,,25142,57931
U25143_LVI_CHR_FDK_195_U,25.93139,48.27639,195.00,63.00,10712,41,,25143,57931
U25144_LVI_CHR_FDK_015_U,25.93139,48.27639,15.00,63.00,10737,40,,25144,57931
U25145_LVI_CHR_FDK_105_U,25.93139,48.27639,105.00,63.00,10737,43,,25145,57931
U25146_LVI_CHR_FDK_195_U,25.93139,48.27639,195.00,63.00,10737,41,,25146,57931
U25147_LVI_CHR_FDK_015_U,25.93139,48.27639,15.00,63.00,10762,40,,25147,57931
U25148_LVI_CHR_FDK_105_U,25.93139,48.27639,105.00,63.00,10762,43,,25148,57931
U25149_LVI_CHR_FDK_195_U,25.93139,48.27639,195.00,63.00,10762,41,,25149,57931
U25151_LVI_CHR_FKR_020_U,25.95722,48.31256,20.00,65.00,10712,475,,25151,57932
U25152_LVI_CHR_FKR_120_U,25.95722,48.31256,120.00,65.00,10712,476,,25152,57932
U25153_LVI_CHR_FKR_250_U,25.95722,48.31256,250.00,63.00,10712,477,,25153,57932
U25154_LVI_CHR_FKR_020_U,25.95722,48.31256,20.00,65.00,10737,475,,25154,57932
U25155_LVI_CHR_FKR_120_U,25.95722,48.31256,120.00,65.00,10737,476,,25155,57932
U25156_LVI_CHR_FKR_250_U,25.95722,48.31256,250.00,63.00,10737,477,,25156,57932
U25157_LVI_CHR_FKR_020_U,25.95722,48.31256,20.00,65.00,10762,475,,25157,57932
U25158_LVI_CHR_FKR_120_U,25.95722,48.31256,120.00,65.00,10762,476,,25158,57932
U25159_LVI_CHR_FKR_250_U,25.95722,48.31256,250.00,63.00,10762,477,,25159,57932
U25161_LVI_CHR_FRA_000_U,25.93250,48.28917,0.00,63.00,10712,88,,25161,57931
U25162_LVI_CHR_FRA_130_U,25.93250,48.28917,130.00,63.00,10712,89,,25162,57931
U25164_LVI_CHR_FRA_000_U,25.93250,48.28917,0.00,63.00,10737,88,,25164,57931
U25165_LVI_CHR_FRA_130_U,25.93250,48.28917,130.00,63.00,10737,89,,25165,57931
U25167_LVI_CHR_FRA_000_U,25.93250,48.28917,0.00,63.00,10762,88,,25167,57931
U25168_LVI_CHR_FRA_130_U,25.93250,48.28917,130.00,63.00,10762,89,,25168,57931
U25171_LVI_CHR_GAG_155_U,25.92264,48.30603,155.00,65.00,10712,232,,25171,57932
U25172_LVI_CHR_GAG_255_U,25.92264,48.30603,255.00,65.00,10712,233,,25172,57932
U25173_LVI_CHR_GAG_355_U,25.92264,48.30603,355.00,65.00,10712,234,,25173,57932
U25174_LVI_CHR_GAG_155_U,25.92264,48.30603,155.00,65.00,10737,232,,25174,57932
U25175_LVI_CHR_GAG_255_U,25.92264,48.30603,255.00,65.00,10737,233,,25175,57932
U25176_LVI_CHR_GAG_355_U,25.92264,48.30603,355.00,65.00,10737,234,,25176,57932
U25177_LVI_CHR_GAG_155_U,25.92264,48.30603,155.00,65.00,10762,232,,25177,57932
U25178_LVI_CHR_GAG_255_U,25.92264,48.30603,255.00,65.00,10762,233,,25178,57932
U25179_LVI_CHR_GAG_355_U,25.92264,48.30603,355.00,65.00,10762,234,,25179,57932
U25181_LVI_CHR_GAJ_040_U,25.93300,48.26642,40.00,63.00,10712,368,,25181,57942
U25182_LVI_CHR_GAJ_205_U,25.93300,48.26642,205.00,63.00,10712,369,,25182,57942
U25183_LVI_CHR_GAJ_305_U,25.93300,48.26642,305.00,63.00,10712,370,,25183,57942
U25184_LVI_CHR_GAJ_040_U,25.93300,48.26642,40.00,63.00,10737,368,,25184,57942
U25185_LVI_CHR_GAJ_205_U,25.93300,48.26642,205.00,63.00,10737,369,,25185,57942
U25186_LVI_CHR_GAJ_305_U,25.93300,48.26642,305.00,63.00,10737,370,,25186,57942
U25187_LVI_CHR_GAJ_040_U,25.93300,48.26642,40.00,63.00,10762,368,,25187,57942
U25188_LVI_CHR_GAJ_205_U,25.93300,48.26642,205.00,63.00,10762,369,,25188,57942
U25189_LVI_CHR_GAJ_305_U,25.93300,48.26642,305.00,63.00,10762,370,,25189,57942
U25191_LVI_CHR_GOL_010_U,25.93958,48.28362,10.00,63.00,10712,299,,25191,57931
U25192_LVI_CHR_GOL_100_U,25.94013,48.28306,100.00,63.00,10712,300,,25192,57931
U25193_LVI_CHR_GOL_190_U,25.93924,48.28281,190.00,63.00,10712,301,,25193,57931
U25194_LVI_CHR_GOL_010_U,25.93958,48.28362,10.00,63.00,10737,299,,25194,57931
U25195_LVI_CHR_GOL_100_U,25.94013,48.28306,100.00,63.00,10737,300,,25195,57931
U25196_LVI_CHR_GOL_190_U,25.93924,48.28281,190.00,63.00,10737,301,,25196,57931
U25197_LVI_CHR_GOL_010_U,25.93958,48.28362,10.00,63.00,10762,299,,25197,57931
U25198_LVI_CHR_GOL_100_U,25.94013,48.28306,100.00,63.00,10762,300,,25198,57931
U25199_LVI_CHR_GOL_190_U,25.93924,48.28281,190.00,63.00,10762,301,,25199,57931
U25201_LVI_CHR_GOR_040_U,25.89553,48.28531,40.00,65.00,10712,480,,25201,57932
U25202_LVI_CHR_GOR_160_U,25.89553,48.28531,145.00,65.00,10712,481,,25202,57932
U25203_LVI_CHR_GOR_280_U,25.89553,48.28531,295.00,65.00,10712,482,,25203,57932
U25204_LVI_CHR_GOR_040_U,25.89553,48.28531,40.00,65.00,10737,480,,25204,57932
U25205_LVI_CHR_GOR_160_U,25.89553,48.28531,145.00,65.00,10737,481,,25205,57932
U25206_LVI_CHR_GOR_280_U,25.89553,48.28531,295.00,65.00,10737,482,,25206,57932
U25207_LVI_CHR_GOR_040_U,25.89553,48.28531,40.00,65.00,10762,480,,25207,57932
U25208_LVI_CHR_GOR_160_U,25.89553,48.28531,145.00,65.00,10762,481,,25208,57932
U25209_LVI_CHR_GOR_280_U,25.89553,48.28531,295.00,65.00,10762,482,,25209,57932
U25211_LVI_CHR_GRA_100_U,25.99175,48.27211,100.00,65.00,10712,164,,25211,57941
U25212_LVI_CHR_GRA_215_U,25.99175,48.27211,215.00,65.00,10712,165,,25212,57941
U25213_LVI_CHR_GRA_350_U,25.99175,48.27211,350.00,65.00,10712,166,,25213,57941
U25214_LVI_CHR_GRA_100_U,25.99175,48.27211,100.00,65.00,10737,164,,25214,57941
U25215_LVI_CHR_GRA_215_U,25.99175,48.27211,215.00,65.00,10737,165,,25215,57941
U25216_LVI_CHR_GRA_350_U,25.99175,48.27211,350.00,65.00,10737,166,,25216,57941
U25217_LVI_CHR_GRA_100_U,25.99175,48.27211,100.00,65.00,10762,164,,25217,57941
U25218_LVI_CHR_GRA_215_U,25.99175,48.27211,215.00,65.00,10762,165,,25218,57941
U25219_LVI_CHR_GRA_350_U,25.99175,48.27211,350.00,65.00,10762,166,,25219,57941
U25221_LVI_CHR_GUR_050_U,25.93531,48.26453,50.00,63.00,10712,472,,25221,57942
U25222_LVI_CHR_GUR_190_U,25.93531,48.26453,190.00,63.00,10712,473,,25222,57942
U25223_LVI_CHR_GUR_300_U,25.93531,48.26453,300.00,63.00,10712,474,,25223,57942
U25224_LVI_CHR_GUR_050_U,25.93531,48.26453,50.00,63.00,10737,472,,25224,57942
U25225_LVI_CHR_GUR_190_U,25.93531,48.26453,190.00,63.00,10737,473,,25225,57942
U25226_LVI_CHR_GUR_300_U,25.93531,48.26453,300.00,63.00,10737,474,,25226,57942
U25227_LVI_CHR_GUR_050_U,25.93531,48.26453,50.00,63.00,10762,472,,25227,57942
U25228_LVI_CHR_GUR_190_U,25.93531,48.26453,190.00,63.00,10762,473,,25228,57942
U25229_LVI_CHR_GUR_300_U,25.93531,48.26453,300.00,63.00,10762,474,,25229,57942
U25231_LVI_CHR_HLK_125_U,25.96139,48.26361,125.00,65.00,10712,83,,25231,57941
U25232_LVI_CHR_HLK_352_U,25.96139,48.26361,352.00,65.00,10712,84,,25232,57941
U25234_LVI_CHR_HLK_125_U,25.96139,48.26361,125.00,65.00,10737,83,,25234,57941
U25235_LVI_CHR_HLK_352_U,25.96139,48.26361,352.00,65.00,10737,84,,25235,57941
U25237_LVI_CHR_HLK_125_U,25.96139,48.26361,125.00,65.00,10762,83,,25237,57941
U25238_LVI_CHR_HLK_352_U,25.96139,48.26361,352.00,65.00,10762,84,,25238,57941
U25241_LVI_CHR_HLU_075_U,25.95278,48.32250,75.00,63.00,10712,499,,25241,57932
U25242_LVI_CHR_HLU_165_U,25.95278,48.32250,165.00,63.00,10712,500,,25242,57932
U25243_LVI_CHR_HLU_255_U,25.95278,48.32250,255.00,63.00,10712,501,,25243,57932
U25244_LVI_CHR_HLU_075_U,25.95278,48.32250,75.00,63.00,10737,499,,25244,57932
U25245_LVI_CHR_HLU_165_U,25.95278,48.32250,165.00,63.00,10737,500,,25245,57932
U25246_LVI_CHR_HLU_255_U,25.95278,48.32250,255.00,63.00,10737,501,,25246,57932
U25247_LVI_CHR_HLU_075_U,25.95278,48.32250,75.00,63.00,10762,499,,25247,57932
U25248_LVI_CHR_HLU_165_U,25.95278,48.32250,165.00,63.00,10762,500,,25248,57932
U25249_LVI_CHR_HLU_255_U,25.95278,48.32250,255.00,63.00,10762,501,,25249,57932
U25251_LVI_CHR_HMZ_035_U,25.94072,48.33075,35.00,65.00,10712,412,,25251,57932
U25252_LVI_CHR_HMZ_280_U,25.94072,48.33075,280.00,65.00,10712,413,,25252,57932
U25254_LVI_CHR_HMZ_035_U,25.94072,48.33075,35.00,65.00,10737,412,,25254,57932
U25255_LVI_CHR_HMZ_280_U,25.94072,48.33075,280.00,65.00,10737,413,,25255,57932
U25257_LVI_CHR_HMZ_035_U,25.94072,48.33075,35.00,65.00,10762,412,,25257,57932
U25258_LVI_CHR_HMZ_280_U,25.94072,48.33075,280.00,65.00,10762,413,,25258,57932
U25261_LVI_CHR_HOT_040_U,25.94650,48.27072,40.00,65.00,10712,384,,25261,57942
U25262_LVI_CHR_HOT_160_U,25.94650,48.27072,160.00,65.00,10712,385,,25262,57942
U25263_LVI_CHR_HOT_280_U,25.94650,48.27072,280.00,65.00,10712,386,,25263,57942
U25264_LVI_CHR_HOT_040_U,25.94650,48.27072,40.00,65.00,10737,384,,25264,57942
U25265_LVI_CHR_HOT_160_U,25.94650,48.27072,160.00,65.00,10737,385,,25265,57942
U25266_LVI_CHR_HOT_280_U,25.94650,48.27072,280.00,65.00,10737,386,,25266,57942
U25267_LVI_CHR_HOT_040_U,25.94650,48.27072,40.00,65.00,10762,384,,25267,57942
U25268_LVI_CHR_HOT_160_U,25.94650,48.27072,160.00,65.00,10762,385,,25268,57942
U25269_LVI_CHR_HOT_280_U,25.94650,48.27072,280.00,65.00,10762,386,,25269,57942
U25271_LVI_CHR_HUD_140_U,25.93514,48.29397,140.00,65.00,10712,176,,25271,57931
U25272_LVI_CHR_HUD_250_U,25.93514,48.29397,250.00,65.00,10712,177,,25272,57931
U25273_LVI_CHR_HUD_320_U,25.93514,48.29417,320.00,65.00,10712,178,,25273,57931
U25274_LVI_CHR_HUD_140_U,25.93514,48.29397,140.00,65.00,10737,176,,25274,57931
U25275_LVI_CHR_HUD_250_U,25.93514,48.29397,250.00,65.00,10737,177,,25275,57931
U25276_LVI_CHR_HUD_320_U,25.93514,48.29417,320.00,65.00,10737,178,,25276,57931
U25277_LVI_CHR_HUD_140_U,25.93514,48.29397,140.00,65.00,10762,176,,25277,57931
U25278_LVI_CHR_HUD_250_U,25.93514,48.29397,250.00,65.00,10762,177,,25278,57931
U25279_LVI_CHR_HUD_320_U,25.93514,48.29417,320.00,65.00,10762,178,,25279,57931
U25281_LVI_CHR_ITK_100_U,25.93686,48.29400,100.00,65.00,10712,304,,25281,57931
U25282_LVI_CHR_ITK_300_U,25.93686,48.29400,300.00,65.00,10712,305,,25282,57931
U25284_LVI_CHR_ITK_100_U,25.93686,48.29400,100.00,65.00,10737,304,,25284,57931
U25285_LVI_CHR_ITK_300_U,25.93686,48.29400,300.00,65.00,10737,305,,25285,57931
U25287_LVI_CHR_ITK_100_U,25.93686,48.29400,100.00,65.00,10762,304,,25287,57931
U25288_LVI_CHR_ITK_300_U,25.93686,48.29400,300.00,65.00,10762,305,,25288,57931
U25291_LVI_CHR_KLR_000_U,25.96175,48.31228,0.00,65.00,10712,503,1948,25291,57932
U25292_LVI_CHR_KLR_180_U,25.96175,48.31228,180.00,65.00,10712,174,1948,25292,57932
U25293_LVI_CHR_KLR_001_U,25.95980,48.31230,1.00,65.00,10712,405,1948,25293,57932
U25294_LVI_CHR_KLR_000_U,25.96175,48.31228,0.00,65.00,10737,503,1948,25294,57932
U25295_LVI_CHR_KLR_180_U,25.96175,48.31228,180.00,65.00,10737,174,1948,25295,57932
U25296_LVI_CHR_KLR_001_U,25.95980,48.31230,1.00,65.00,10737,405,1948,25296,57932
U25297_LVI_CHR_KLR_000_U,25.96175,48.31228,0.00,65.00,10762,503,1948,25297,57932
U25298_LVI_CHR_KLR_180_U,25.96175,48.31228,180.00,65.00,10762,174,1948,25298,57932
U25299_LVI_CHR_KLR_001_U,25.95980,48.31230,1.00,65.00,10762,405,1948,25299,57932
U25301_LVI_CHR_JAS_055_U,25.96239,48.28564,55.00,63.00,10712,456,,25301,57941
U25302_LVI_CHR_JAS_175_U,25.96239,48.28564,175.00,63.00,10712,457,,25302,57941
U25303_LVI_CHR_JAS_295_U,25.96239,48.28564,295.00,63.00,10712,458,,25303,57941
U25304_LVI_CHR_JAS_055_U,25.96239,48.28564,55.00,63.00,10737,456,,25304,57941
U25305_LVI_CHR_JAS_175_U,25.96239,48.28564,175.00,63.00,10737,457,,25305,57941
U25306_LVI_CHR_JAS_295_U,25.96239,48.28564,295.00,63.00,10737,458,,25306,57941
U25307_LVI_CHR_JAS_055_U,25.96239,48.28564,55.00,63.00,10762,456,,25307,57941
U25308_LVI_CHR_JAS_175_U,25.96239,48.28564,175.00,63.00,10762,457,,25308,57941
U25309_LVI_CHR_JAS_295_U,25.96239,48.28564,295.00,63.00,10762,458,,25309,57941
U25311_LVI_CHR_KAC_050_U,25.92667,48.26167,50.00,65.00,10712,464,,25311,57942
U25312_LVI_CHR_KAC_150_U,25.92667,48.26167,150.00,65.00,10712,465,,25312,57942
U25313_LVI_CHR_KAC_300_U,25.92667,48.26167,300.00,65.00,10712,466,,25313,57942
U25314_LVI_CHR_KAC_050_U,25.92667,48.26167,50.00,65.00,10737,464,,25314,57942
U25315_LVI_CHR_KAC_150_U,25.92667,48.26167,150.00,65.00,10737,465,,25315,57942
U25316_LVI_CHR_KAC_300_U,25.92667,48.26167,300.00,65.00,10737,466,,25316,57942
U25317_LVI_CHR_KAC_050_U,25.92667,48.26167,50.00,65.00,10762,464,,25317,57942
U25318_LVI_CHR_KAC_150_U,25.92667,48.26167,150.00,65.00,10762,465,,25318,57942
U25319_LVI_CHR_KAC_300_U,25.92667,48.26167,300.00,65.00,10762,466,,25319,57942
U25321_LVI_CHR_KAN_070_U,25.92611,48.27472,70.00,63.00,10712,168,,25321,57931
U25322_LVI_CHR_KAN_200_U,25.92611,48.27472,200.00,63.00,10712,169,,25322,57931
U25324_LVI_CHR_KAN_070_U,25.92611,48.27472,70.00,63.00,10737,168,,25324,57931
U25325_LVI_CHR_KAN_200_U,25.92611,48.27472,200.00,63.00,10737,169,,25325,57931
U25327_LVI_CHR_KAN_070_U,25.92611,48.27472,70.00,63.00,10762,168,,25327,57931
U25328_LVI_CHR_KAN_200_U,25.92611,48.27472,200.00,63.00,10762,169,,25328,57931
U25331_LVI_CHR_KHO_000_U,25.92808,48.32008,0.00,65.00,10712,504,,25331,57932
U25332_LVI_CHR_KHO_120_U,25.92808,48.32008,120.00,65.00,10712,505,,25332,57932
U25333_LVI_CHR_KHO_240_U,25.92808,48.32008,240.00,65.00,10712,506,,25333,57932
U25334_LVI_CHR_KHO_000_U,25.92808,48.32008,0.00,65.00,10737,504,,25334,57932
U25335_LVI_CHR_KHO_120_U,25.92808,48.32008,120.00,65.00,10737,505,,25335,57932
U25336_LVI_CHR_KHO_240_U,25.92808,48.32008,240.00,65.00,10737,506,,25336,57932
U25337_LVI_CHR_KHO_000_U,25.92808,48.32008,0.00,65.00,10762,504,,25337,57932
U25338_LVI_CHR_KHO_120_U,25.92808,48.32008,120.00,65.00,10762,505,,25338,57932
U25339_LVI_CHR_KHO_240_U,25.92808,48.32008,240.00,65.00,10762,506,,25339,57932
U25341_LVI_CHR_KLJ_045_U,25.91706,48.32581,45.00,65.00,10712,451,,25341,57932
U25342_LVI_CHR_KLJ_160_U,25.91706,48.32581,160.00,65.00,10712,452,,25342,57932
U25343_LVI_CHR_KLJ_290_U,25.91706,48.32581,290.00,65.00,10712,453,,25343,57932
U25344_LVI_CHR_KLJ_045_U,25.91706,48.32581,45.00,65.00,10737,451,,25344,57932
U25345_LVI_CHR_KLJ_160_U,25.91706,48.32581,160.00,65.00,10737,452,,25345,57932
U25346_LVI_CHR_KLJ_290_U,25.91706,48.32581,290.00,65.00,10737,453,,25346,57932
U25347_LVI_CHR_KLJ_045_U,25.91706,48.32581,45.00,65.00,10762,451,,25347,57932
U25348_LVI_CHR_KLJ_160_U,25.91706,48.32581,160.00,65.00,10762,452,,25348,57932
U25349_LVI_CHR_KLJ_290_U,25.91706,48.32581,290.00,65.00,10762,453,,25349,57932
U25351_LVI_CHR_KLN_350_U,25.96703,48.31189,350.00,65.00,10712,243,,25351,57932
U25352_LVI_CHR_KLN_110_U,25.96703,48.31189,110.00,65.00,10712,244,,25352,57932
U25353_LVI_CHR_KLN_245_U,25.96703,48.31189,245.00,65.00,10712,245,,25353,57932
U25354_LVI_CHR_KLN_350_U,25.96703,48.31189,350.00,65.00,10737,243,,25354,57932
U25355_LVI_CHR_KLN_110_U,25.96703,48.31189,110.00,65.00,10737,244,,25355,57932
U25356_LVI_CHR_KLN_245_U,25.96703,48.31189,245.00,65.00,10737,245,,25356,57932
U25357_LVI_CHR_KLN_350_U,25.96703,48.31189,350.00,65.00,10762,243,,25357,57932
U25358_LVI_CHR_KLN_110_U,25.96703,48.31189,110.00,65.00,10762,244,,25358,57932
U25359_LVI_CHR_KLN_245_U,25.96703,48.31189,245.00,65.00,10762,245,,25359,57932
U25361_LVI_CHR_KOL_160_U,25.90011,48.33142,160.00,65.00,10712,379,,25361,57932
U25362_LVI_CHR_KOL_290_U,25.90011,48.33142,290.00,65.00,10712,380,,25362,57932
U25364_LVI_CHR_KOL_160_U,25.90011,48.33142,160.00,65.00,10737,379,,25364,57932
U25365_LVI_CHR_KOL_290_U,25.90011,48.33142,290.00,65.00,10737,380,,25365,57932
U25367_LVI_CHR_KOL_160_U,25.90011,48.33142,160.00,65.00,10762,379,,25367,57932
U25368_LVI_CHR_KOL_290_U,25.90011,48.33142,290.00,65.00,10762,380,,25368,57932
U25371_LVI_CHR_KOM_000_U,25.94255,48.25973,0.00,63.00,10712,137,,25371,57942
U25372_LVI_CHR_KOM_120_U,25.94255,48.25973,120.00,63.00,10712,138,,25372,57942
U25374_LVI_CHR_KOM_000_U,25.94255,48.25973,0.00,63.00,10737,137,,25374,57942
U25375_LVI_CHR_KOM_120_U,25.94255,48.25973,120.00,63.00,10737,138,,25375,57942
U25377_LVI_CHR_KOM_000_U,25.94255,48.25973,0.00,63.00,10762,137,,25377,57942
U25378_LVI_CHR_KOM_120_U,25.94255,48.25973,120.00,63.00,10762,138,,25378,57942
U25381_LVI_CHR_KRA_010_U,25.92600,48.26833,10.00,65.00,10712,320,,25381,57931
U25382_LVI_CHR_KRA_100_U,25.92600,48.26833,100.00,65.00,10712,321,,25382,57931
U25383_LVI_CHR_KRA_190_U,25.92600,48.26833,190.00,65.00,10712,322,,25383,57931
U25384_LVI_CHR_KRA_010_U,25.92600,48.26833,10.00,65.00,10737,320,,25384,57931
U25385_LVI_CHR_KRA_100_U,25.92600,48.26833,100.00,65.00,10737,321,,25385,57931
U25386_LVI_CHR_KRA_190_U,25.92600,48.26833,190.00,65.00,10737,322,,25386,57931
U25387_LVI_CHR_KRA_010_U,25.92600,48.26833,10.00,65.00,10762,320,,25387,57931
U25388_LVI_CHR_KRA_100_U,25.92600,48.26833,100.00,65.00,10762,321,,25388,57931
U25389_LVI_CHR_KRA_190_U,25.92600,48.26833,190.00,65.00,10762,322,,25389,57931
U25391_LVI_CHR_KRV_IN1_U,25.94850,48.32344,0.00,63.00,10712,,,25391,57932
U25394_LVI_CHR_KRV_IN1_U,25.94850,48.32344,0.00,63.00,10737,,,25394,57932
U25397_LVI_CHR_KRV_IN1_U,25.94850,48.32344,0.00,63.00,10762,,,25397,57932
U25401_LVI_CHR_KSH_125_U,25.92611,48.35417,125.00,65.00,10712,275,,25401,57932
U25402_LVI_CHR_KSH_225_U,25.92611,48.35417,225.00,65.00,10712,276,,25402,57932
U25403_LVI_CHR_KSH_355_U,25.92611,48.35417,355.00,65.00,10712,277,,25403,57932
U25404_LVI_CHR_KSH_125_U,25.92611,48.35417,125.00,65.00,10737,275,,25404,57932
U25405_LVI_CHR_KSH_225_U,25.92611,48.35417,225.00,65.00,10737,276,,25405,57932
U25406_LVI_CHR_KSH_355_U,25.92611,48.35417,355.00,65.00,10737,277,,25406,57932
U25407_LVI_CHR_KSH_125_U,25.92611,48.35417,125.00,65.00,10762,275,,25407,57932
U25408_LVI_CHR_KSH_225_U,25.92611,48.35417,225.00,65.00,10762,276,,25408,57932
U25409_LVI_CHR_KSH_355_U,25.92611,48.35417,355.00,65.00,10762,277,,25409,57932
U25411_LVI_CHR_KUR_060_U,25.95839,48.28389,60.00,63.00,10712,432,,25411,57941
U25412_LVI_CHR_KUR_170_U,25.95839,48.28389,170.00,63.00,10712,433,,25412,57941
U25413_LVI_CHR_KUR_280_U,25.95839,48.28389,280.00,63.00,10712,434,,25413,57941
U25414_LVI_CHR_KUR_060_U,25.95839,48.28389,60.00,63.00,10737,432,,25414,57941
U25415_LVI_CHR_KUR_170_U,25.95839,48.28389,170.00,63.00,10737,433,,25415,57941
U25416_LVI_CHR_KUR_280_U,25.95839,48.28389,280.00,63.00,10737,434,,25416,57941
U25417_LVI_CHR_KUR_060_U,25.95839,48.28389,60.00,63.00,10762,432,,25417,57941
U25418_LVI_CHR_KUR_170_U,25.95839,48.28389,170.00,63.00,10762,433,,25418,57941
U25419_LVI_CHR_KUR_280_U,25.95839,48.28389,280.00,63.00,10762,434,,25419,57941
U25421_LVI_CHR_KVA_035_U,25.95872,48.25222,35.00,65.00,10712,146,,25421,57942
U25422_LVI_CHR_KVA_155_U,25.95958,48.25194,155.00,65.00,10712,147,,25422,57942
U25423_LVI_CHR_KVA_285_U,25.95872,48.25222,285.00,65.00,10712,148,,25423,57942
U25424_LVI_CHR_KVA_035_U,25.95872,48.25222,35.00,65.00,10737,146,,25424,57942
U25425_LVI_CHR_KVA_155_U,25.95958,48.25194,155.00,65.00,10737,147,,25425,57942
U25426_LVI_CHR_KVA_285_U,25.95872,48.25222,285.00,65.00,10737,148,,25426,57942
U25427_LVI_CHR_KVA_035_U,25.95872,48.25222,35.00,65.00,10762,146,,25427,57942
U25428_LVI_CHR_KVA_155_U,25.95958,48.25194,155.00,65.00,10762,147,,25428,57942
U25429_LVI_CHR_KVA_285_U,25.95872,48.25222,285.00,65.00,10762,148,,25429,57942
U25431_LVI_CHR_LIB_015_U,25.92783,48.29211,15.00,63.00,10712,144,,25431,57931
U25432_LVI_CHR_LIB_105_U,25.92783,48.29211,105.00,63.00,10712,145,,25432,57931
U25434_LVI_CHR_LIB_015_U,25.92783,48.29211,15.00,63.00,10737,144,,25434,57931
U25435_LVI_CHR_LIB_105_U,25.92783,48.29211,105.00,63.00,10737,145,,25435,57931
U25437_LVI_CHR_LIB_015_U,25.92783,48.29211,15.00,63.00,10762,144,,25437,57931
U25438_LVI_CHR_LIB_105_U,25.92783,48.29211,105.00,63.00,10762,145,,25438,57931
U25441_LVI_CHR_LIS_080_U,25.96558,48.33475,80.00,65.00,10712,170,,25441,57932
U25442_LVI_CHR_LIS_170_U,25.96558,48.33475,170.00,65.00,10712,171,,25442,57932
U25443_LVI_CHR_LIS_260_U,25.96558,48.33475,260.00,65.00,10712,172,,25443,57932
U25444_LVI_CHR_LIS_080_U,25.96558,48.33475,80.00,65.00,10737,170,,25444,57932
U25445_LVI_CHR_LIS_170_U,25.96558,48.33475,170.00,65.00,10737,171,,25445,57932
U25446_LVI_CHR_LIS_260_U,25.96558,48.33475,260.00,65.00,10737,172,,25446,57932
U25447_LVI_CHR_LIS_080_U,25.96558,48.33475,80.00,65.00,10762,170,,25447,57932
U25448_LVI_CHR_LIS_170_U,25.96558,48.33475,170.00,65.00,10762,171,,25448,57932
U25449_LVI_CHR_LIS_260_U,25.96558,48.33475,260.00,65.00,10762,172,,25449,57932
U25451_LVI_CHR_MAG_IN1_U,25.93328,48.28825,0.00,360.00,10712,104,,25451,57931
U25454_LVI_CHR_MAG_IN1_U,25.93328,48.28825,0.00,360.00,10737,104,,25454,57931
U25457_LVI_CHR_MAG_IN1_U,25.93328,48.28825,0.00,360.00,10762,104,,25457,57931
U25461_LVI_CHR_MAK_010_U,25.94556,48.26778,10.00,65.00,10712,440,,25461,57942
U25462_LVI_CHR_MAK_130_U,25.94556,48.26778,130.00,65.00,10712,441,,25462,57942
U25463_LVI_CHR_MAK_250_U,25.94556,48.26778,250.00,65.00,10712,442,,25463,57942
U25464_LVI_CHR_MAK_010_U,25.94556,48.26778,10.00,65.00,10737,440,,25464,57942
U25465_LVI_CHR_MAK_130_U,25.94556,48.26778,130.00,65.00,10737,441,,25465,57942
U25466_LVI_CHR_MAK_250_U,25.94556,48.26778,250.00,65.00,10737,442,,25466,57942
U25467_LVI_CHR_MAK_010_U,25.94556,48.26778,10.00,65.00,10762,440,,25467,57942
U25468_LVI_CHR_MAK_130_U,25.94556,48.26778,130.00,65.00,10762,441,,25468,57942
U25469_LVI_CHR_MAK_250_U,25.94556,48.26778,250.00,65.00,10762,442,,25469,57942
U25471_LVI_CHR_MEB_080_U,25.94664,48.28358,80.00,63.00,10712,272,,25471,57931
U25472_LVI_CHR_MEB_225_U,25.94664,48.28358,225.00,63.00,10712,273,,25472,57931
U25473_LVI_CHR_MEB_320_U,25.94664,48.28358,320.00,63.00,10712,274,,25473,57931
U25474_LVI_CHR_MEB_080_U,25.94664,48.28358,80.00,63.00,10737,272,,25474,57931
U25475_LVI_CHR_MEB_225_U,25.94664,48.28358,225.00,63.00,10737,273,,25475,57931
U25476_LVI_CHR_MEB_320_U,25.94664,48.28358,320.00,63.00,10737,274,,25476,57931
U25477_LVI_CHR_MEB_080_U,25.94664,48.28358,80.00,63.00,10762,272,,25477,57931
U25478_LVI_CHR_MEB_225_U,25.94664,48.28358,225.00,63.00,10762,273,,25478,57931
U25479_LVI_CHR_MEB_320_U,25.94664,48.28358,320.00,63.00,10762,274,,25479,57931
U25481_LVI_CHR_MED_140_U,25.95722,48.27472,140.00,65.00,10712,424,,25481,57941
U25482_LVI_CHR_MED_245_U,25.95722,48.27472,245.00,65.00,10712,425,,25482,57941
U25483_LVI_CHR_MED_345_U,25.95722,48.27472,345.00,65.00,10712,426,,25483,57941
U25484_LVI_CHR_MED_140_U,25.95722,48.27472,140.00,65.00,10737,424,,25484,57941
U25485_LVI_CHR_MED_245_U,25.95722,48.27472,245.00,65.00,10737,425,,25485,57941
U25486_LVI_CHR_MED_345_U,25.95722,48.27472,345.00,65.00,10737,426,,25486,57941
U25487_LVI_CHR_MED_140_U,25.95722,48.27472,140.00,65.00,10762,424,,25487,57941
U25488_LVI_CHR_MED_245_U,25.95722,48.27472,245.00,65.00,10762,425,,25488,57941
U25489_LVI_CHR_MED_345_U,25.95722,48.27472,345.00,65.00,10762,426,,25489,57941
U25491_LVI_CHR_MIZ_070_U,25.92139,48.29083,70.00,65.00,10712,56,,25491,57932
U25492_LVI_CHR_MIZ_160_U,25.92139,48.29083,160.00,65.00,10712,57,,25492,57932
U25493_LVI_CHR_MIZ_250_U,25.92139,48.29083,250.00,65.00,10712,58,,25493,57932
U25494_LVI_CHR_MIZ_070_U,25.92139,48.29083,70.00,65.00,10737,56,,25494,57932
U25495_LVI_CHR_MIZ_160_U,25.92139,48.29083,160.00,65.00,10737,57,,25495,57932
U25496_LVI_CHR_MIZ_250_U,25.92139,48.29083,250.00,65.00,10737,58,,25496,57932
U25497_LVI_CHR_MIZ_070_U,25.92139,48.29083,70.00,65.00,10762,56,,25497,57932
U25498_LVI_CHR_MIZ_160_U,25.92139,48.29083,160.00,65.00,10762,57,,25498,57932
U25499_LVI_CHR_MIZ_250_U,25.92139,48.29083,250.00,65.00,10762,58,,25499,57932
U25501_LVI_CHR_MOL_035_U,25.97769,48.28950,35.00,65.00,10712,419,,25501,57941
U25502_LVI_CHR_MOL_140_U,25.97769,48.28950,140.00,65.00,10712,420,,25502,57941
U25503_LVI_CHR_MOL_265_U,25.97769,48.28950,265.00,65.00,10712,421,,25503,57941
U25504_LVI_CHR_MOL_035_U,25.97769,48.28950,35.00,65.00,10737,419,,25504,57941
U25505_LVI_CHR_MOL_140_U,25.97769,48.28950,140.00,65.00,10737,420,,25505,57941
U25506_LVI_CHR_MOL_265_U,25.97769,48.28950,265.00,65.00,10737,421,,25506,57941
U25507_LVI_CHR_MOL_035_U,25.97769,48.28950,35.00,65.00,10762,419,,25507,57941
U25508_LVI_CHR_MOL_140_U,25.97769,48.28950,140.00,65.00,10762,420,,25508,57941
U25509_LVI_CHR_MOL_265_U,25.97769,48.28950,265.00,65.00,10762,421,,25509,57941
U25511_LVI_CHR_MTR_IN1_U,25.90547,48.32072,0.00,72.00,10712,446,,25511,57932
U25512_LVI_CHR_MTR_000_U,25.90547,48.32072,0.00,65.00,10712,443,,25512,57932
U25513_LVI_CHR_MTR_120_U,25.90547,48.32072,120.00,65.00,10712,444,,25513,57932
U25514_LVI_CHR_MTR_IN1_U,25.90547,48.32072,0.00,72.00,10737,446,,25514,57932
U25515_LVI_CHR_MTR_000_U,25.90547,48.32072,0.00,65.00,10737,443,,25515,57932
U25516_LVI_CHR_MTR_120_U,25.90547,48.32072,120.00,65.00,10737,444,,25516,57932
U25517_LVI_CHR_MTR_IN1_U,25.90547,48.32072,0.00,72.00,10762,446,,25517,57932
U25518_LVI_CHR_MTR_000_U,25.90547,48.32072,0.00,65.00,10762,443,,25518,57932
U25519_LVI_CHR_MTR_120_U,25.90547,48.32072,120.00,65.00,10762,444,,25519,57932
U25521_LVI_CHR_MVD_065_U,25.96775,48.36122,65.00,65.00,10712,402,,25521,57932
U25522_LVI_CHR_MVD_190_U,25.96775,48.36122,190.00,65.00,10712,403,,25522,57932
U25523_LVI_CHR_MVD_310_U,25.96775,48.36122,310.00,65.00,10712,404,,25523,57932
U25524_LVI_CHR_MVD_065_U,25.96775,48.36122,65.00,65.00,10737,402,,25524,57932
U25525_LVI_CHR_MVD_190_U,25.96775,48.36122,190.00,65.00,10737,403,,25525,57932
U25526_LVI_CHR_MVD_310_U,25.96775,48.36122,310.00,65.00,10737,404,,25526,57932
U25527_LVI_CHR_MVD_065_U,25.96775,48.36122,65.00,65.00,10762,402,,25527,57932
U25528_LVI_CHR_MVD_190_U,25.96775,48.36122,190.00,65.00,10762,403,,25528,57932
U25529_LVI_CHR_MVD_310_U,25.96775,48.36122,310.00,65.00,10762,404,,25529,57932
U25531_LVI_CHR_NEZ_015_U,25.93889,48.26678,15.00,63.00,10712,408,,25531,57942
U25532_LVI_CHR_NEZ_105_U,25.93889,48.26678,105.00,63.00,10712,409,,25532,57942
U25533_LVI_CHR_NEZ_195_U,25.93889,48.26678,195.00,63.00,10712,410,,25533,57942
U25534_LVI_CHR_NEZ_015_U,25.93889,48.26678,15.00,63.00,10737,408,,25534,57942
U25535_LVI_CHR_NEZ_105_U,25.93889,48.26678,105.00,63.00,10737,409,,25535,57942
U25536_LVI_CHR_NEZ_195_U,25.93889,48.26678,195.00,63.00,10737,410,,25536,57942
U25537_LVI_CHR_NEZ_015_U,25.93889,48.26678,15.00,63.00,10762,408,,25537,57942
U25538_LVI_CHR_NEZ_105_U,25.93889,48.26678,105.00,63.00,10762,409,,25538,57942
U25539_LVI_CHR_NEZ_195_U,25.93889,48.26678,195.00,63.00,10762,410,,25539,57942
U25541_LVI_CHR_NIK_060_U,25.96875,48.25822,60.00,65.00,10712,235,,25541,57941
U25542_LVI_CHR_NIK_190_U,25.96875,48.25822,190.00,65.00,10712,236,,25542,57941
U25543_LVI_CHR_NIK_290_U,25.96875,48.25822,290.00,65.00,10712,237,,25543,57941
U25544_LVI_CHR_NIK_060_U,25.96875,48.25822,60.00,65.00,10737,235,,25544,57941
U25545_LVI_CHR_NIK_190_U,25.96875,48.25822,190.00,65.00,10737,236,,25545,57941
U25546_LVI_CHR_NIK_290_U,25.96875,48.25822,290.00,65.00,10737,237,,25546,57941
U25547_LVI_CHR_NIK_060_U,25.96875,48.25822,60.00,65.00,10762,235,,25547,57941
U25548_LVI_CHR_NIK_190_U,25.96875,48.25822,190.00,65.00,10762,236,,25548,57941
U25549_LVI_CHR_NIK_290_U,25.96875,48.25822,290.00,65.00,10762,237,,25549,57941
U25551_LVI_CHR_OAD_210_U,25.95342,48.26564,210.00,65.00,10712,257,,25551,57942
U25552_LVI_CHR_OAD_330_U,25.95365,48.26577,330.00,65.00,10712,258,,25552,57942
U25554_LVI_CHR_OAD_210_U,25.95342,48.26564,210.00,65.00,10737,257,,25554,57942
U25555_LVI_CHR_OAD_330_U,25.95365,48.26577,330.00,65.00,10737,258,,25555,57942
U25557_LVI_CHR_OAD_210_U,25.95342,48.26564,210.00,65.00,10762,257,,25557,57942
U25558_LVI_CHR_OAD_330_U,25.95365,48.26577,330.00,65.00,10762,258,,25558,57942
U25561_LVI_CHR_KLR_181_U,25.95980,48.31230,181.00,65.00,10712,175,1948,25561,57932
U25562_LVI_CHR_KLR_002_U,25.96351,48.31225,2.00,65.00,10712,327,1948,25562,57932
U25563_LVI_CHR_KLR_182_U,25.96351,48.31225,182.00,65.00,10712,422,1948,25563,57932
U25564_LVI_CHR_KLR_181_U,25.95980,48.31230,181.00,65.00,10737,175,1948,25564,57932
U25565_LVI_CHR_KLR_002_U,25.96351,48.31225,2.00,65.00,10737,327,1948,25565,57932
U25566_LVI_CHR_KLR_182_U,25.96351,48.31225,182.00,65.00,10737,422,1948,25566,57932
U25567_LVI_CHR_KLR_181_U,25.95980,48.31230,181.00,65.00,10762,175,1948,25567,57932
U25568_LVI_CHR_KLR_002_U,25.96351,48.31225,2.00,65.00,10762,327,1948,25568,57932
U25569_LVI_CHR_KLR_182_U,25.96351,48.31225,182.00,65.00,10762,422,1948,25569,57932
U25571_LVI_CHR_OFI_110_U,25.93228,48.29228,110.00,63.00,10712,152,,25571,57931
U25572_LVI_CHR_OFI_230_U,25.93228,48.29228,230.00,63.00,10712,153,,25572,57931
U25573_LVI_CHR_OFI_330_U,25.93275,48.29264,330.00,65.00,10712,154,,25573,57931
U25574_LVI_CHR_OFI_110_U,25.93228,48.29228,110.00,63.00,10737,152,,25574,57931
U25575_LVI_CHR_OFI_230_U,25.93228,48.29228,230.00,63.00,10737,153,,25575,57931
U25576_LVI_CHR_OFI_330_U,25.93275,48.29264,330.00,65.00,10737,154,,25576,57931
U25577_LVI_CHR_OFI_110_U,25.93228,48.29228,110.00,63.00,10762,152,,25577,57931
U25578_LVI_CHR_OFI_230_U,25.93228,48.29228,230.00,63.00,10762,153,,25578,57931
U25579_LVI_CHR_OFI_330_U,25.93275,48.29264,330.00,65.00,10762,154,,25579,57931
U25581_LVI_CHR_PKL_015_U,25.94739,48.25086,15.00,63.00,10712,297,,25581,57942
U25582_LVI_CHR_PKL_115_U,25.94739,48.25086,115.00,63.00,10712,298,,25582,57942
U25584_LVI_CHR_PKL_015_U,25.94739,48.25086,15.00,63.00,10737,297,,25584,57942
U25585_LVI_CHR_PKL_115_U,25.94739,48.25086,115.00,63.00,10737,298,,25585,57942
U25587_LVI_CHR_PKL_015_U,25.94739,48.25086,15.00,63.00,10762,297,,25587,57942
U25588_LVI_CHR_PKL_115_U,25.94739,48.25086,115.00,63.00,10762,298,,25588,57942
U25591_LVI_CHR_PKO_230_U,25.89919,48.29689,200.00,63.00,10712,360,,25591,57932
U25592_LVI_CHR_PKO_350_U,25.89919,48.29689,350.00,63.00,10712,361,,25592,57932
U25594_LVI_CHR_PKO_230_U,25.89919,48.29689,200.00,63.00,10737,360,,25594,57932
U25595_LVI_CHR_PKO_350_U,25.89919,48.29689,350.00,63.00,10737,361,,25595,57932
U25597_LVI_CHR_PKO_230_U,25.89919,48.29689,200.00,63.00,10762,360,,25597,57932
U25598_LVI_CHR_PKO_350_U,25.89919,48.29689,350.00,63.00,10762,361,,25598,57932
U25601_LVI_CHR_POL_025_U,25.94389,48.26547,25.00,65.00,10712,496,,25601,57942
U25602_LVI_CHR_POL_130_U,25.94389,48.26547,130.00,65.00,10712,497,,25602,57942
U25603_LVI_CHR_POL_250_U,25.94389,48.26547,250.00,65.00,10712,498,,25603,57942
U25604_LVI_CHR_POL_025_U,25.94389,48.26547,25.00,65.00,10737,496,,25604,57942
U25605_LVI_CHR_POL_130_U,25.94389,48.26547,130.00,65.00,10737,497,,25605,57942
U25606_LVI_CHR_POL_250_U,25.94389,48.26547,250.00,65.00,10737,498,,25606,57942
U25607_LVI_CHR_POL_025_U,25.94389,48.26547,25.00,65.00,10762,496,,25607,57942
U25608_LVI_CHR_POL_130_U,25.94389,48.26547,130.00,65.00,10762,497,,25608,57942
U25609_LVI_CHR_POL_250_U,25.94389,48.26547,250.00,65.00,10762,498,,25609,57942
U25611_LVI_CHR_PRA_050_U,25.94408,48.27808,50.00,65.00,10712,264,,25611,57931
U25612_LVI_CHR_PRA_160_U,25.94408,48.27808,160.00,65.00,10712,265,,25612,57931
U25613_LVI_CHR_PRA_290_U,25.94408,48.27808,290.00,65.00,10712,266,,25613,57931
U25614_LVI_CHR_PRA_050_U,25.94408,48.27808,50.00,65.00,10737,264,,25614,57931
U25615_LVI_CHR_PRA_160_U,25.94408,48.27808,160.00,65.00,10737,265,,25615,57931
U25616_LVI_CHR_PRA_290_U,25.94408,48.27808,290.00,65.00,10737,266,,25616,57931
U25617_LVI_CHR_PRA_050_U,25.94408,48.27808,50.00,65.00,10762,264,,25617,57931
U25618_LVI_CHR_PRA_160_U,25.94408,48.27808,160.00,65.00,10762,265,,25618,57931
U25619_LVI_CHR_PRA_290_U,25.94408,48.27808,290.00,65.00,10762,266,,25619,57931
U25621_LVI_CHR_GMU_000_U,25.92994,48.25461,0.00,65.00,10712,94,1938,25621,57942
U25622_LVI_CHR_GMU_120_U,25.92994,48.25461,120.00,65.00,10712,215,1938,25622,57942
U25623_LVI_CHR_GMU_240_U,25.92994,48.25461,240.00,65.00,10712,511,1938,25623,57942
U25624_LVI_CHR_GMU_000_U,25.92994,48.25461,0.00,65.00,10737,94,1938,25624,57942
U25625_LVI_CHR_GMU_120_U,25.92994,48.25461,120.00,65.00,10737,215,1938,25625,57942
U25626_LVI_CHR_GMU_240_U,25.92994,48.25461,240.00,65.00,10737,511,1938,25626,57942
U25627_LVI_CHR_GMU_000_U,25.92994,48.25461,0.00,65.00,10762,94,1938,25627,57942
U25628_LVI_CHR_GMU_120_U,25.92994,48.25461,120.00,65.00,10762,215,1938,25628,57942
U25629_LVI_CHR_GMU_240_U,25.92994,48.25461,240.00,65.00,10762,511,1938,25629,57942
U25631_LVI_CHR_PRU_200_U,25.93594,48.30431,200.00,65.00,10712,296,,25631,57932
U25634_LVI_CHR_PRU_200_U,25.93594,48.30431,200.00,65.00,10737,296,,25634,57932
U25637_LVI_CHR_PRU_200_U,25.93594,48.30431,200.00,65.00,10762,296,,25637,57932
U25641_LVI_CHR_RSK_130_U,25.97808,48.27750,130.00,65.00,10712,483,,25641,57941
U25642_LVI_CHR_RSK_260_U,25.97808,48.27750,260.00,65.00,10712,484,,25642,57941
U25643_LVI_CHR_RSK_340_U,25.97808,48.27750,340.00,65.00,10712,485,,25643,57941
U25644_LVI_CHR_RSK_130_U,25.97808,48.27750,130.00,65.00,10737,483,,25644,57941
U25645_LVI_CHR_RSK_260_U,25.97808,48.27750,260.00,65.00,10737,484,,25645,57941
U25646_LVI_CHR_RSK_340_U,25.97808,48.27750,340.00,65.00,10737,485,,25646,57941
U25647_LVI_CHR_RSK_130_U,25.97808,48.27750,130.00,65.00,10762,483,,25647,57941
U25648_LVI_CHR_RSK_260_U,25.97808,48.27750,260.00,65.00,10762,484,,25648,57941
U25649_LVI_CHR_RSK_340_U,25.97808,48.27750,340.00,65.00,10762,485,,25649,57941
U25651_LVI_CHR_RUS_035_U,25.98583,48.27611,35.00,65.00,10712,3,,25651,57941
U25652_LVI_CHR_RUS_125_U,25.98583,48.27611,125.00,65.00,10712,4,,25652,57941
U25653_LVI_CHR_RUS_215_U,25.98583,48.27611,215.00,65.00,10712,5,,25653,57941
U25654_LVI_CHR_RUS_035_U,25.98583,48.27611,35.00,65.00,10737,3,,25654,57941
U25655_LVI_CHR_RUS_125_U,25.98583,48.27611,125.00,65.00,10737,4,,25655,57941
U25656_LVI_CHR_RUS_215_U,25.98583,48.27611,215.00,65.00,10737,5,,25656,57941
U25657_LVI_CHR_RUS_035_U,25.98583,48.27611,35.00,65.00,10762,3,,25657,57941
U25658_LVI_CHR_RUS_125_U,25.98583,48.27611,125.00,65.00,10762,4,,25658,57941
U25659_LVI_CHR_RUS_215_U,25.98583,48.27611,215.00,65.00,10762,5,,25659,57941
U25661_LVI_CHR_SAR_125_U,25.93425,48.29819,125.00,63.00,10712,336,,25661,57931
U25662_LVI_CHR_SAR_225_U,25.93425,48.29819,225.00,63.00,10712,337,,25662,57931
U25664_LVI_CHR_SAR_125_U,25.93425,48.29819,125.00,63.00,10737,336,,25664,57931
U25665_LVI_CHR_SAR_225_U,25.93425,48.29819,225.00,63.00,10737,337,,25665,57931
U25667_LVI_CHR_SAR_125_U,25.93425,48.29819,125.00,63.00,10762,336,,25667,57931
U25668_LVI_CHR_SAR_225_U,25.93425,48.29819,225.00,63.00,10762,337,,25668,57931
U25671_LVI_CHR_SGO_095_U,25.95083,48.35361,95.00,65.00,10712,371,,25671,57932
U25672_LVI_CHR_SGO_320_U,25.95083,48.35361,320.00,65.00,10712,372,,25672,57932
U25674_LVI_CHR_SGO_095_U,25.95083,48.35361,95.00,65.00,10737,371,,25674,57932
U25675_LVI_CHR_SGO_320_U,25.95083,48.35361,320.00,65.00,10737,372,,25675,57932
U25677_LVI_CHR_SGO_095_U,25.95083,48.35361,95.00,65.00,10762,371,,25677,57932
U25678_LVI_CHR_SGO_320_U,25.95083,48.35361,320.00,65.00,10762,372,,25678,57932
U25681_LVI_CHR_STA_015_U,25.94333,48.27467,15.00,63.00,10712,216,,25681,57931
U25682_LVI_CHR_STA_115_U,25.94333,48.27467,115.00,65.00,10712,217,,25682,57931
U25683_LVI_CHR_STA_200_U,25.94083,48.27533,200.00,65.00,10712,218,,25683,57931
U25684_LVI_CHR_STA_015_U,25.94333,48.27467,15.00,63.00,10737,216,,25684,57931
U25685_LVI_CHR_STA_115_U,25.94333,48.27467,115.00,65.00,10737,217,,25685,57931
U25686_LVI_CHR_STA_200_U,25.94083,48.27533,200.00,65.00,10737,218,,25686,57931
U25687_LVI_CHR_STA_015_U,25.94333,48.27467,15.00,63.00,10762,216,,25687,57931
U25688_LVI_CHR_STA_115_U,25.94333,48.27467,115.00,65.00,10762,217,,25688,57931
U25689_LVI_CHR_STA_200_U,25.94083,48.27533,200.00,65.00,10762,218,,25689,57931
U25691_LVI_CHR_STR_110_U,25.91267,48.26836,110.00,65.00,10712,416,,25691,57932
U25692_LVI_CHR_STR_200_U,25.91214,48.26886,200.00,65.00,10712,417,,25692,57932
U25693_LVI_CHR_STR_290_U,25.91214,48.26886,290.00,65.00,10712,418,,25693,57932
U25694_LVI_CHR_STR_110_U,25.91267,48.26836,110.00,65.00,10737,416,,25694,57932
U25695_LVI_CHR_STR_200_U,25.91214,48.26886,200.00,65.00,10737,417,,25695,57932
U25696_LVI_CHR_STR_290_U,25.91214,48.26886,290.00,65.00,10737,418,,25696,57932
U25697_LVI_CHR_STR_110_U,25.91267,48.26836,110.00,65.00,10762,416,,25697,57932
U25698_LVI_CHR_STR_200_U,25.91214,48.26886,200.00,65.00,10762,417,,25698,57932
U25699_LVI_CHR_STR_290_U,25.91214,48.26886,290.00,65.00,10762,418,,25699,57932
U25701_LVI_CHR_STS_040_U,25.93659,48.27088,40.00,65.00,10712,312,,25701,57931
U25702_LVI_CHR_STS_160_U,25.93645,48.27025,160.00,65.00,10712,313,,25702,57931
U25703_LVI_CHR_STS_280_U,25.93659,48.27088,280.00,65.00,10712,314,,25703,57931
U25704_LVI_CHR_STS_040_U,25.93659,48.27088,40.00,65.00,10737,312,,25704,57931
U25705_LVI_CHR_STS_160_U,25.93645,48.27025,160.00,65.00,10737,313,,25705,57931
U25706_LVI_CHR_STS_280_U,25.93659,48.27088,280.00,65.00,10737,314,,25706,57931
U25707_LVI_CHR_STS_040_U,25.93659,48.27088,40.00,65.00,10762,312,,25707,57931
U25708_LVI_CHR_STS_160_U,25.93645,48.27025,160.00,65.00,10762,313,,25708,57931
U25709_LVI_CHR_STS_280_U,25.93659,48.27088,280.00,65.00,10762,314,,25709,57931
U25711_LVI_CHR_TKA_000_U,25.97800,48.31797,0.00,65.00,10712,203,,25711,57932
U25712_LVI_CHR_TKA_090_U,25.97800,48.31797,90.00,65.00,10712,204,,25712,57932
U25713_LVI_CHR_TKA_180_U,25.97800,48.31797,180.00,65.00,10712,205,,25713,57932
U25714_LVI_CHR_TKA_000_U,25.97800,48.31797,0.00,65.00,10737,203,,25714,57932
U25715_LVI_CHR_TKA_090_U,25.97800,48.31797,90.00,65.00,10737,204,,25715,57932
U25716_LVI_CHR_TKA_180_U,25.97800,48.31797,180.00,65.00,10737,205,,25716,57932
U25717_LVI_CHR_TKA_000_U,25.97800,48.31797,0.00,65.00,10762,203,,25717,57932
U25718_LVI_CHR_TKA_090_U,25.97800,48.31797,90.00,65.00,10762,204,,25718,57932
U25719_LVI_CHR_TKA_180_U,25.97800,48.31797,180.00,65.00,10762,205,,25719,57932
U25721_LVI_CHR_TRK_050_U,25.93169,48.27394,50.00,63.00,10712,48,,25721,57931
U25722_LVI_CHR_TRK_175_U,25.93169,48.27394,175.00,63.00,10712,49,,25722,57931
U25724_LVI_CHR_TRK_050_U,25.93169,48.27394,50.00,63.00,10737,48,,25724,57931
U25725_LVI_CHR_TRK_175_U,25.93169,48.27394,175.00,63.00,10737,49,,25725,57931
U25727_LVI_CHR_TRK_050_U,25.93169,48.27394,50.00,63.00,10762,48,,25727,57931
U25728_LVI_CHR_TRK_175_U,25.93169,48.27394,175.00,63.00,10762,49,,25728,57931
U25731_LVI_CHR_UKR_140_U,25.93994,48.28797,140.00,63.00,10712,32,,25731,57931
U25732_LVI_CHR_UKR_230_U,25.93994,48.28797,230.00,63.00,10712,33,,25732,57931
U25733_LVI_CHR_UKR_320_U,25.93994,48.28797,320.00,63.00,10712,34,,25733,57931
U25734_LVI_CHR_UKR_140_U,25.93994,48.28797,140.00,63.00,10737,32,,25734,57931
U25735_LVI_CHR_UKR_230_U,25.93994,48.28797,230.00,63.00,10737,33,,25735,57931
U25736_LVI_CHR_UKR_320_U,25.93994,48.28797,320.00,63.00,10737,34,,25736,57931
U25737_LVI_CHR_UKR_140_U,25.93994,48.28797,140.00,63.00,10762,32,,25737,57931
U25738_LVI_CHR_UKR_230_U,25.93994,48.28797,230.00,63.00,10762,33,,25738,57931
U25739_LVI_CHR_UKR_320_U,25.93994,48.28797,320.00,63.00,10762,34,,25739,57931
U25741_LVI_CHR_UNI_015_U,25.93183,48.28344,15.00,63.00,10712,0,,25741,57931
U25742_LVI_CHR_UNI_160_U,25.93183,48.28344,160.00,63.00,10712,1,,25742,57931
U25743_LVI_CHR_UNI_260_U,25.93183,48.28344,260.00,63.00,10712,2,,25743,57931
U25744_LVI_CHR_UNI_015_U,25.93183,48.28344,15.00,63.00,10737,0,,25744,57931
U25745_LVI_CHR_UNI_160_U,25.93183,48.28344,160.00,63.00,10737,1,,25745,57931
U25746_LVI_CHR_UNI_260_U,25.93183,48.28344,260.00,63.00,10737,2,,25746,57931
U25747_LVI_CHR_UNI_015_U,25.93183,48.28344,15.00,63.00,10762,0,,25747,57931
U25748_LVI_CHR_UNI_160_U,25.93183,48.28344,160.00,63.00,10762,1,,25748,57931
U25749_LVI_CHR_UNI_260_U,25.93183,48.28344,260.00,63.00,10762,2,,25749,57931
U25751_LVI_CHR_VAL_040_U,25.95661,48.34681,40.00,65.00,10712,315,,25751,57932
U25752_LVI_CHR_VAL_130_U,25.95661,48.34681,130.00,65.00,10712,316,,25752,57932
U25753_LVI_CHR_VAL_220_U,25.95661,48.34681,220.00,65.00,10712,317,,25753,57932
U25754_LVI_CHR_VAL_040_U,25.95661,48.34681,40.00,65.00,10737,315,,25754,57932
U25755_LVI_CHR_VAL_130_U,25.95661,48.34681,130.00,65.00,10737,316,,25755,57932
U25756_LVI_CHR_VAL_220_U,25.95661,48.34681,220.00,65.00,10737,317,,25756,57932
U25757_LVI_CHR_VAL_040_U,25.95661,48.34681,40.00,65.00,10762,315,,25757,57932
U25758_LVI_CHR_VAL_130_U,25.95661,48.34681,130.00,65.00,10762,316,,25758,57932
U25759_LVI_CHR_VAL_220_U,25.95661,48.34681,220.00,65.00,10762,317,,25759,57932
U25761_LVI_CHR_VAS_130_U,25.88836,48.28475,145.00,65.00,10712,459,,25761,57932
U25762_LVI_CHR_VAS_240_U,25.88836,48.28475,250.00,65.00,10712,460,,25762,57932
U25763_LVI_CHR_VAS_350_U,25.88836,48.28475,340.00,65.00,10712,461,,25763,57932
U25764_LVI_CHR_VAS_130_U,25.88836,48.28475,145.00,65.00,10737,459,,25764,57932
U25765_LVI_CHR_VAS_240_U,25.88836,48.28475,250.00,65.00,10737,460,,25765,57932
U25766_LVI_CHR_VAS_350_U,25.88836,48.28475,340.00,65.00,10737,461,,25766,57932
U25767_LVI_CHR_VAS_130_U,25.88836,48.28475,145.00,65.00,10762,459,,25767,57932
U25768_LVI_CHR_VAS_240_U,25.88836,48.28475,250.00,65.00,10762,460,,25768,57932
U25769_LVI_CHR_VAS_350_U,25.88836,48.28475,340.00,65.00,10762,461,,25769,57932
U25771_LVI_CHR_VOR_090_U,25.93889,48.25556,90.00,63.00,10712,347,,25771,57942
U25772_LVI_CHR_VOR_205_U,25.93889,48.25556,205.00,63.00,10712,348,,25772,57942
U25773_LVI_CHR_VOR_305_U,25.93889,48.25556,305.00,63.00,10712,349,,25773,57942
U25774_LVI_CHR_VOR_090_U,25.93889,48.25556,90.00,63.00,10737,347,,25774,57942
U25775_LVI_CHR_VOR_205_U,25.93889,48.25556,205.00,63.00,10737,348,,25775,57942
U25776_LVI_CHR_VOR_305_U,25.93889,48.25556,305.00,63.00,10737,349,,25776,57942
U25777_LVI_CHR_VOR_090_U,25.93889,48.25556,90.00,63.00,10762,347,,25777,57942
U25778_LVI_CHR_VOR_205_U,25.93889,48.25556,205.00,63.00,10762,348,,25778,57942
U25779_LVI_CHR_VOR_305_U,25.93889,48.25556,305.00,63.00,10762,349,,25779,57942
U25781_LVI_CHR_ZAS_270_U,25.89211,48.29797,270.00,65.00,10712,256,,25781,57932
U25784_LVI_CHR_ZAS_270_U,25.89211,48.29797,270.00,65.00,10737,256,,25784,57932
U25787_LVI_CHR_ZAS_270_U,25.89211,48.29797,270.00,65.00,10762,256,,25787,57932
U25791_LVI_CHR_ZAV_020_U,25.92006,48.31761,20.00,65.00,10712,388,,25791,57932
U25792_LVI_CHR_ZAV_140_U,25.92006,48.31761,140.00,65.00,10712,389,,25792,57932
U25793_LVI_CHR_ZAV_270_U,25.92006,48.31761,270.00,65.00,10712,390,,25793,57932
U25794_LVI_CHR_ZAV_020_U,25.92006,48.31761,20.00,65.00,10737,388,,25794,57932
U25795_LVI_CHR_ZAV_140_U,25.92006,48.31761,140.00,65.00,10737,389,,25795,57932
U25796_LVI_CHR_ZAV_270_U,25.92006,48.31761,270.00,65.00,10737,390,,25796,57932
U25797_LVI_CHR_ZAV_020_U,25.92006,48.31761,20.00,65.00,10762,388,,25797,57932
U25798_LVI_CHR_ZAV_140_U,25.92006,48.31761,140.00,65.00,10762,389,,25798,57932
U25799_LVI_CHR_ZAV_270_U,25.92006,48.31761,270.00,65.00,10762,390,,25799,57932
U25801_LVI_CHR_ZEL_130_U,25.95450,48.29133,130.00,65.00,10712,400,,25801,57941
U25802_LVI_CHR_ZEL_230_U,25.95450,48.29133,230.00,65.00,10712,401,,25802,57941
U25804_LVI_CHR_ZEL_130_U,25.95450,48.29133,130.00,65.00,10737,400,,25804,57941
U25805_LVI_CHR_ZEL_230_U,25.95450,48.29133,230.00,65.00,10737,401,,25805,57941
U25807_LVI_CHR_ZEL_130_U,25.95450,48.29133,130.00,65.00,10762,400,,25807,57941
U25808_LVI_CHR_ZEL_230_U,25.95450,48.29133,230.00,65.00,10762,401,,25808,57941
U25811_LVI_CHR_SGD_090_U,25.93725,48.29700,90.00,65.00,10712,167,,25811,57931
U25812_LVI_CHR_SGD_220_U,25.93725,48.29700,220.00,65.00,10712,319,,25812,57931
U25813_LVI_CHR_SGD_320_U,25.93725,48.29700,320.00,65.00,10712,470,,25813,57931
U25814_LVI_CHR_SGD_090_U,25.93725,48.29700,90.00,65.00,10737,167,,25814,57931
U25815_LVI_CHR_SGD_220_U,25.93725,48.29700,220.00,65.00,10737,319,,25815,57931
U25816_LVI_CHR_SGD_320_U,25.93725,48.29700,320.00,65.00,10737,470,,25816,57931
U25817_LVI_CHR_SGD_090_U,25.93725,48.29700,90.00,65.00,10762,167,,25817,57931
U25818_LVI_CHR_SGD_220_U,25.93725,48.29700,220.00,65.00,10762,319,,25818,57931
U25819_LVI_CHR_SGD_320_U,25.93725,48.29700,320.00,65.00,10762,470,,25819,57931
U25821_LVI_CHR_VIN_070_U,25.96764,48.28147,70.00,65.00,10712,182,,25821,57941
U25822_LVI_CHR_VIN_160_U,25.96764,48.28147,160.00,65.00,10712,183,,25822,57941
U25823_LVI_CHR_VIN_320_U,25.96764,48.28147,320.00,65.00,10712,7,,25823,57941
U25824_LVI_CHR_VIN_070_U,25.96764,48.28147,70.00,65.00,10737,182,,25824,57941
U25825_LVI_CHR_VIN_160_U,25.96764,48.28147,160.00,65.00,10737,183,,25825,57941
U25826_LVI_CHR_VIN_320_U,25.96764,48.28147,320.00,65.00,10737,7,,25826,57941
U25827_LVI_CHR_VIN_070_U,25.96764,48.28147,70.00,65.00,10762,182,,25827,57941
U25828_LVI_CHR_VIN_160_U,25.96764,48.28147,160.00,65.00,10762,183,,25828,57941
U25829_LVI_CHR_VIN_320_U,25.96764,48.28147,320.00,65.00,10762,7,,25829,57941
U25831_LVI_CHR_KOB_070_U,25.93672,48.29006,70.00,65.00,10712,118,,25831,57931
U25832_LVI_CHR_KOB_190_U,25.93672,48.29006,190.00,65.00,10712,303,,25832,57931
U25833_LVI_CHR_KOB_310_U,25.93672,48.29006,310.00,65.00,10712,119,,25833,57931
U25834_LVI_CHR_KOB_070_U,25.93672,48.29006,70.00,65.00,10737,118,,25834,57931
U25835_LVI_CHR_KOB_190_U,25.93672,48.29006,190.00,65.00,10737,303,,25835,57931
U25836_LVI_CHR_KOB_310_U,25.93672,48.29006,310.00,65.00,10737,119,,25836,57931
U25837_LVI_CHR_KOB_070_U,25.93672,48.29006,70.00,65.00,10762,118,,25837,57931
U25838_LVI_CHR_KOB_190_U,25.93672,48.29006,190.00,65.00,10762,303,,25838,57931
U25839_LVI_CHR_KOB_310_U,25.93672,48.29006,310.00,65.00,10762,119,,25839,57931
U25841_LVI_CHR_KLU_055_U,25.90917,48.28150,55.00,65.00,10712,487,,25841,57932
U25842_LVI_CHR_KLU_175_U,25.90917,48.28150,175.00,65.00,10712,414,,25842,57932
U25843_LVI_CHR_KLU_295_U,25.90917,48.28150,295.00,65.00,10712,415,,25843,57932
U25844_LVI_CHR_KLU_055_U,25.90917,48.28150,55.00,65.00,10737,487,,25844,57932
U25845_LVI_CHR_KLU_175_U,25.90917,48.28150,175.00,65.00,10737,414,,25845,57932
U25846_LVI_CHR_KLU_295_U,25.90917,48.28150,295.00,65.00,10737,415,,25846,57932
U25847_LVI_CHR_KLU_055_U,25.90917,48.28150,55.00,65.00,10762,487,,25847,57932
U25848_LVI_CHR_KLU_175_U,25.90917,48.28150,175.00,65.00,10762,414,,25848,57932
U25849_LVI_CHR_KLU_295_U,25.90917,48.28150,295.00,65.00,10762,415,,25849,57932
U25851_LVI_CHR_GLV_110_U,25.93725,48.28683,110.00,65.00,10712,263,,25851,57931
U25852_LVI_CHR_GLV_210_U,25.93725,48.28683,210.00,65.00,10712,262,,25852,57931
U25853_LVI_CHR_GLV_325_U,25.93725,48.28683,325.00,65.00,10712,391,,25853,57931
U25854_LVI_CHR_GLV_110_U,25.93725,48.28683,110.00,65.00,10737,263,,25854,57931
U25855_LVI_CHR_GLV_210_U,25.93725,48.28683,210.00,65.00,10737,262,,25855,57931
U25856_LVI_CHR_GLV_325_U,25.93725,48.28683,325.00,65.00,10737,391,,25856,57931
U25857_LVI_CHR_GLV_110_U,25.93725,48.28683,110.00,65.00,10762,263,,25857,57931
U25858_LVI_CHR_GLV_210_U,25.93725,48.28683,210.00,65.00,10762,262,,25858,57931
U25859_LVI_CHR_GLV_325_U,25.93725,48.28683,325.00,65.00,10762,391,,25859,57931
U25861_LVI_CHR_UNV_125_U,25.92517,48.29622,125.00,65.00,10712,207,,25861,57931
U25862_LVI_CHR_UNV_230_U,25.92517,48.29622,230.00,65.00,10712,486,,25862,57931
U25863_LVI_CHR_UNV_345_U,25.92517,48.29622,345.00,65.00,10712,471,,25863,57931
U25864_LVI_CHR_UNV_125_U,25.92517,48.29622,125.00,65.00,10737,207,,25864,57931
U25865_LVI_CHR_UNV_230_U,25.92517,48.29622,230.00,65.00,10737,486,,25865,57931
U25866_LVI_CHR_UNV_345_U,25.92517,48.29622,345.00,65.00,10737,471,,25866,57931
U25867_LVI_CHR_UNV_125_U,25.92517,48.29622,125.00,65.00,10762,207,,25867,57931
U25868_LVI_CHR_UNV_230_U,25.92517,48.29622,230.00,65.00,10762,486,,25868,57931
U25869_LVI_CHR_UNV_345_U,25.92517,48.29622,345.00,65.00,10762,471,,25869,57931
U25871_LVI_CHR_UNV_126_U,25.92368,48.29541,125.00,65.00,10712,479,,25871,57931
U25872_LVI_CHR_UNV_320_U,25.92368,48.29541,320.00,65.00,10712,478,,25872,57931
U25874_LVI_CHR_UNV_126_U,25.92368,48.29541,125.00,65.00,10737,479,,25874,57931
U25875_LVI_CHR_UNV_320_U,25.92368,48.29541,320.00,65.00,10737,478,,25875,57931
U25877_LVI_CHR_UNV_126_U,25.92368,48.29541,125.00,65.00,10762,479,,25877,57931
U25878_LVI_CHR_UNV_320_U,25.92368,48.29541,320.00,65.00,10762,478,,25878,57931
U25991_LVI_CHR_PB4_075_U,25.93028,48.29944,75.00,65.00,10712,8,,25991,57931
U25992_LVI_CHR_PB4_325_U,25.93028,48.29944,325.00,65.00,10712,9,,25992,57931
U25994_LVI_CHR_PB4_075_U,25.93028,48.29944,75.00,65.00,10737,8,,25994,57931
U25995_LVI_CHR_PB4_325_U,25.93028,48.29944,325.00,65.00,10737,9,,25995,57931
U25997_LVI_CHR_PB4_075_U,25.93028,48.29944,75.00,65.00,10762,8,,25997,57931
U25998_LVI_CHR_PB4_325_U,25.93028,48.29944,325.00,65.00,10762,9,,25998,57931
U57931_LVI_CHR_PB1_070_U,25.96572,48.29236,70.00,65.00,10712,16,,57931,57941
U57932_LVI_CHR_PB1_180_U,25.96572,48.29236,180.00,65.00,10712,17,,57932,57941
U57933_LVI_CHR_PB1_330_U,25.96572,48.29236,330.00,65.00,10712,18,,57933,57941
U57934_LVI_CHR_PB1_070_U,25.96572,48.29236,70.00,65.00,10737,16,,57934,57941
U57935_LVI_CHR_PB1_180_U,25.96572,48.29236,180.00,65.00,10737,17,,57935,57941
U57936_LVI_CHR_PB1_330_U,25.96572,48.29236,330.00,65.00,10737,18,,57936,57941
U57937_LVI_CHR_PB1_070_U,25.96572,48.29236,70.00,65.00,10762,16,,57937,57941
U57938_LVI_CHR_PB1_180_U,25.96572,48.29236,180.00,65.00,10762,17,,57938,57941
U57939_LVI_CHR_PB1_330_U,25.96572,48.29236,330.00,65.00,10762,18,,57939,57941
U57941_LVI_CHR_PB6_070_U,25.97397,48.25922,70.00,65.00,10712,194,,57941,57941
U57942_LVI_CHR_PB6_190_U,25.97397,48.25922,190.00,65.00,10712,195,,57942,57941
U57943_LVI_CHR_PB6_300_U,25.97397,48.25922,300.00,65.00,10712,196,,57943,57941
U57944_LVI_CHR_PB6_070_U,25.97397,48.25922,70.00,65.00,10737,194,,57944,57941
U57945_LVI_CHR_PB6_190_U,25.97397,48.25922,190.00,65.00,10737,195,,57945,57941
U57946_LVI_CHR_PB6_300_U,25.97397,48.25922,300.00,65.00,10737,196,,57946,57941
U57947_LVI_CHR_PB6_070_U,25.97397,48.25922,70.00,65.00,10762,194,,57947,57941
U57948_LVI_CHR_PB6_190_U,25.97397,48.25922,190.00,65.00,10762,195,,57948,57941
U57949_LVI_CHR_PB6_300_U,25.97397,48.25922,300.00,65.00,10762,196,,57949,57941
U57951_LVI_CHR_PB2_085_U,25.92730,48.25761,85.00,65.00,10712,10,,57951,57942
U57952_LVI_CHR_PB2_210_U,25.92730,48.25761,210.00,65.00,10712,11,,57952,57942
U57953_LVI_CHR_PB2_350_U,25.92730,48.25761,350.00,65.00,10712,12,,57953,57942
U57954_LVI_CHR_PB2_085_U,25.92730,48.25761,85.00,65.00,10737,10,,57954,57942
U57955_LVI_CHR_PB2_210_U,25.92730,48.25761,210.00,65.00,10737,11,,57955,57942
U57956_LVI_CHR_PB2_350_U,25.92730,48.25761,350.00,65.00,10737,12,,57956,57942
U57957_LVI_CHR_PB2_085_U,25.92730,48.25761,85.00,65.00,10762,10,,57957,57942
U57958_LVI_CHR_PB2_210_U,25.92730,48.25761,210.00,65.00,10762,11,,57958,57942
U57959_LVI_CHR_PB2_350_U,25.92730,48.25761,350.00,65.00,10762,12,,57959,57942
U57961_LVI_CHR_PB3_050_U,25.94522,48.25286,50.00,65.00,10712,27,,57961,57942
U57962_LVI_CHR_PB3_180_U,25.94522,48.25286,180.00,65.00,10712,28,,57962,57942
U57963_LVI_CHR_PB3_290_U,25.94522,48.25286,290.00,65.00,10712,29,,57963,57942
U57964_LVI_CHR_PB3_050_U,25.94522,48.25286,50.00,65.00,10737,27,,57964,57942
U57965_LVI_CHR_PB3_180_U,25.94522,48.25286,180.00,65.00,10737,28,,57965,57942
U57966_LVI_CHR_PB3_290_U,25.94522,48.25286,290.00,65.00,10737,29,,57966,57942
U57967_LVI_CHR_PB3_050_U,25.94522,48.25286,50.00,65.00,10762,27,,57967,57942
U57968_LVI_CHR_PB3_180_U,25.94522,48.25286,180.00,65.00,10762,28,,57968,57942
U57969_LVI_CHR_PB3_290_U,25.94522,48.25286,290.00,65.00,10762,29,,57969,57942
U57971_LVI_CHR_PB5_070_U,25.97892,48.28236,70.00,65.00,10712,24,,57971,57941
U57972_LVI_CHR_PB5_170_U,25.97892,48.28236,170.00,65.00,10712,25,,57972,57941
U57973_LVI_CHR_PB5_300_U,25.97892,48.28236,300.00,65.00,10712,26,,57973,57941
U57974_LVI_CHR_PB5_070_U,25.97892,48.28236,70.00,65.00,10737,24,,57974,57941
U57975_LVI_CHR_PB5_170_U,25.97892,48.28236,170.00,65.00,10737,25,,57975,57941
U57976_LVI_CHR_PB5_300_U,25.97892,48.28236,300.00,65.00,10737,26,,57976,57941
U57977_LVI_CHR_PB5_070_U,25.97892,48.28236,70.00,65.00,10762,24,,57977,57941
U57978_LVI_CHR_PB5_170_U,25.97892,48.28236,170.00,65.00,10762,25,,57978,57941
U57979_LVI_CHR_PB5_300_U,25.97892,48.28236,300.00,65.00,10762,26,,57979,57941
U57981_LVI_CHR_PB9_000_U,25.92989,48.25444,0.00,65.00,10712,19,,57981,57942
U57982_LVI_CHR_PB9_120_U,25.92989,48.25444,120.00,65.00,10712,20,,57982,57942
U57983_LVI_CHR_PB9_240_U,25.92989,48.25444,240.00,65.00,10712,21,,57983,57942
U57984_LVI_CHR_PB9_000_U,25.92989,48.25444,0.00,65.00,10737,19,,57984,57942
U57985_LVI_CHR_PB9_120_U,25.92989,48.25444,120.00,65.00,10737,20,,57985,57942
U57986_LVI_CHR_PB9_240_U,25.92989,48.25444,240.00,65.00,10737,21,,57986,57942
U57987_LVI_CHR_PB9_000_U,25.92989,48.25444,0.00,65.00,10762,19,,57987,57942
U57988_LVI_CHR_PB9_120_U,25.92989,48.25444,120.00,65.00,10762,20,,57988,57942
U57989_LVI_CHR_PB9_240_U,25.92989,48.25444,240.00,65.00,10762,21,,57989,57942
